run_id,stage,model,topic_index,metric,score
20250921-205356,tokenized,LDA,0,c_v,0.43075028224214157
20250921-205356,tokenized,LDA,1,c_v,0.41296177675061374
20250921-205356,tokenized,LDA,2,c_v,0.2997515264833742
20250921-205356,tokenized,LDA,3,c_v,0.2976542219407145
20250921-205356,tokenized,LDA,4,c_v,0.4020194486221883
20250921-205356,tokenized,LDA,5,c_v,0.3823846521141146
20250921-205356,tokenized,LDA,6,c_v,0.27084650333507876
20250921-205356,tokenized,LDA,7,c_v,0.3662837885330368
20250921-205356,tokenized,LDA,8,c_v,0.3350907950849953
20250921-205356,tokenized,LDA,9,c_v,0.30778474405560974
20250921-205356,tokenized,LDA,10,c_v,0.2775022293127837
20250921-205356,tokenized,LDA,11,c_v,0.5463326405565896
20250921-205356,tokenized,LDA,12,c_v,0.2678871928238712
20250921-205356,tokenized,LDA,13,c_v,0.340467079851023
20250921-205356,tokenized,LDA,14,c_v,0.37746184461585564
20250921-205356,tokenized,LDA,15,c_v,0.3457726085268739
20250921-205356,tokenized,LDA,16,c_v,0.37012420487002873
20250921-205356,tokenized,LDA,17,c_v,0.38887946016481595
20250921-205356,tokenized,LDA,18,c_v,0.4241671114128242
20250921-205356,tokenized,LDA,19,c_v,0.3625153924606671
20250921-205356,tokenized,LDA,20,c_v,0.3483839846806991
20250921-205356,tokenized,LDA,21,c_v,0.35101315015426393
20250921-205356,tokenized,LDA,22,c_v,0.5062600450444221
20250921-205356,tokenized,LDA,23,c_v,0.5060693118603361
20250921-205356,tokenized,LDA,24,c_v,0.46045641398943804
20250921-205356,tokenized,LDA,0,u_mass,-1.5868856561392384
20250921-205356,tokenized,LDA,1,u_mass,-1.7273490425589602
20250921-205356,tokenized,LDA,2,u_mass,-2.4047214301580477
20250921-205356,tokenized,LDA,3,u_mass,-1.1350684469035046
20250921-205356,tokenized,LDA,4,u_mass,-1.3673579131545122
20250921-205356,tokenized,LDA,5,u_mass,-1.1788314844152326
20250921-205356,tokenized,LDA,6,u_mass,-2.2089643818759575
20250921-205356,tokenized,LDA,7,u_mass,-1.6114876074871114
20250921-205356,tokenized,LDA,8,u_mass,-2.763768403752367
20250921-205356,tokenized,LDA,9,u_mass,-2.684391321663188
20250921-205356,tokenized,LDA,10,u_mass,-1.9303126536134492
20250921-205356,tokenized,LDA,11,u_mass,-1.4173002268729575
20250921-205356,tokenized,LDA,12,u_mass,-1.6266066035516888
20250921-205356,tokenized,LDA,13,u_mass,-1.5153713059962055
20250921-205356,tokenized,LDA,14,u_mass,-1.3598811393628674
20250921-205356,tokenized,LDA,15,u_mass,-1.7133670367703064
20250921-205356,tokenized,LDA,16,u_mass,-1.2917122452845415
20250921-205356,tokenized,LDA,17,u_mass,-1.9295471379587696
20250921-205356,tokenized,LDA,18,u_mass,-1.9041983375863023
20250921-205356,tokenized,LDA,19,u_mass,-2.0589349541799242
20250921-205356,tokenized,LDA,20,u_mass,-2.2417052974474316
20250921-205356,tokenized,LDA,21,u_mass,-1.7708763934622864
20250921-205356,tokenized,LDA,22,u_mass,-2.0181404513737213
20250921-205356,tokenized,LDA,23,u_mass,-2.287336991219077
20250921-205356,tokenized,LDA,24,u_mass,-1.8373479031181315
20250921-205356,tokenized,LDA,0,c_npmi,0.03713968409561282
20250921-205356,tokenized,LDA,1,c_npmi,0.03395750189178809
20250921-205356,tokenized,LDA,2,c_npmi,-0.04272208174527462
20250921-205356,tokenized,LDA,3,c_npmi,-0.03000719972524635
20250921-205356,tokenized,LDA,4,c_npmi,0.00816368836086588
20250921-205356,tokenized,LDA,5,c_npmi,0.003079740941059717
20250921-205356,tokenized,LDA,6,c_npmi,-0.03324725809338742
20250921-205356,tokenized,LDA,7,c_npmi,-0.00618722779865843
20250921-205356,tokenized,LDA,8,c_npmi,-0.02233747857549775
20250921-205356,tokenized,LDA,9,c_npmi,-0.04192452280091896
20250921-205356,tokenized,LDA,10,c_npmi,-0.021405837110608724
20250921-205356,tokenized,LDA,11,c_npmi,0.08840051831829521
20250921-205356,tokenized,LDA,12,c_npmi,-0.035056851179356044
20250921-205356,tokenized,LDA,13,c_npmi,-0.011371197194514224
20250921-205356,tokenized,LDA,14,c_npmi,0.008480955408911105
20250921-205356,tokenized,LDA,15,c_npmi,-0.014173452144272281
20250921-205356,tokenized,LDA,16,c_npmi,0.023735230622352922
20250921-205356,tokenized,LDA,17,c_npmi,0.0022863679026865935
20250921-205356,tokenized,LDA,18,c_npmi,0.011512913423738795
20250921-205356,tokenized,LDA,19,c_npmi,0.032874589967626794
20250921-205356,tokenized,LDA,20,c_npmi,-0.010658955636829785
20250921-205356,tokenized,LDA,21,c_npmi,-0.007441050437349292
20250921-205356,tokenized,LDA,22,c_npmi,0.0467508498800692
20250921-205356,tokenized,LDA,23,c_npmi,0.020631786055904638
20250921-205356,tokenized,LDA,24,c_npmi,0.025638649030149074
20250921-205356,tokenized,LDA,0,c_uci,0.06841610246413621
20250921-205356,tokenized,LDA,1,c_uci,0.0752463325605645
20250921-205356,tokenized,LDA,2,c_uci,-0.8398042588447739
20250921-205356,tokenized,LDA,3,c_uci,-0.3235735353102217
20250921-205356,tokenized,LDA,4,c_uci,0.03125894455175344
20250921-205356,tokenized,LDA,5,c_uci,-0.10287232470579286
20250921-205356,tokenized,LDA,6,c_uci,-0.7365677918265606
20250921-205356,tokenized,LDA,7,c_uci,-0.46292427635938493
20250921-205356,tokenized,LDA,8,c_uci,-0.9689147005622644
20250921-205356,tokenized,LDA,9,c_uci,-1.1305174801702016
20250921-205356,tokenized,LDA,10,c_uci,-0.5233620462027668
20250921-205356,tokenized,LDA,11,c_uci,0.33289505976024686
20250921-205356,tokenized,LDA,12,c_uci,-0.5923600065232475
20250921-205356,tokenized,LDA,13,c_uci,-0.39529226921686544
20250921-205356,tokenized,LDA,14,c_uci,-0.13078401482854096
20250921-205356,tokenized,LDA,15,c_uci,-0.5953988894712936
20250921-205356,tokenized,LDA,16,c_uci,0.15606927998615516
20250921-205356,tokenized,LDA,17,c_uci,-0.09184997268994843
20250921-205356,tokenized,LDA,18,c_uci,-0.517051200823889
20250921-205356,tokenized,LDA,19,c_uci,0.001639664628681412
20250921-205356,tokenized,LDA,20,c_uci,-0.5388421838714108
20250921-205356,tokenized,LDA,21,c_uci,-0.35433193927507556
20250921-205356,tokenized,LDA,22,c_uci,0.07441373635490191
20250921-205356,tokenized,LDA,23,c_uci,-0.49315940546506803
20250921-205356,tokenized,LDA,24,c_uci,-0.19477291546572498
20250921-205356,tokenized,HDP1,0,c_v,0.6632702411818686
20250921-205356,tokenized,HDP1,1,c_v,0.7630142015675268
20250921-205356,tokenized,HDP1,2,c_v,0.746287795262742
20250921-205356,tokenized,HDP1,3,c_v,0.6735814556308853
20250921-205356,tokenized,HDP1,4,c_v,0.7313501077684933
20250921-205356,tokenized,HDP1,5,c_v,0.7153984525807007
20250921-205356,tokenized,HDP1,6,c_v,0.6788843275752574
20250921-205356,tokenized,HDP1,7,c_v,0.7236263576496125
20250921-205356,tokenized,HDP1,8,c_v,0.7585822125704582
20250921-205356,tokenized,HDP1,9,c_v,0.7669540113983448
20250921-205356,tokenized,HDP1,10,c_v,0.7383210574517314
20250921-205356,tokenized,HDP1,11,c_v,0.6754417644166305
20250921-205356,tokenized,HDP1,12,c_v,0.6938443363644816
20250921-205356,tokenized,HDP1,13,c_v,0.7202613499850096
20250921-205356,tokenized,HDP1,14,c_v,0.7201385334371244
20250921-205356,tokenized,HDP1,15,c_v,0.6282911335093437
20250921-205356,tokenized,HDP1,16,c_v,0.7267578998519076
20250921-205356,tokenized,HDP1,17,c_v,0.6798697686540452
20250921-205356,tokenized,HDP1,18,c_v,0.6665065989590933
20250921-205356,tokenized,HDP1,19,c_v,0.6862524621213527
20250921-205356,tokenized,HDP1,20,c_v,0.6158062220254972
20250921-205356,tokenized,HDP1,21,c_v,0.6690310850250991
20250921-205356,tokenized,HDP1,22,c_v,0.723880967806102
20250921-205356,tokenized,HDP1,23,c_v,0.783663124170697
20250921-205356,tokenized,HDP1,24,c_v,0.7658523759982621
20250921-205356,tokenized,HDP1,0,u_mass,-17.57656084848758
20250921-205356,tokenized,HDP1,1,u_mass,-20.569111647649308
20250921-205356,tokenized,HDP1,2,u_mass,-19.329524493356466
20250921-205356,tokenized,HDP1,3,u_mass,-16.70835913324025
20250921-205356,tokenized,HDP1,4,u_mass,-19.367791021569545
20250921-205356,tokenized,HDP1,5,u_mass,-18.718027292345916
20250921-205356,tokenized,HDP1,6,u_mass,-17.633078044823414
20250921-205356,tokenized,HDP1,7,u_mass,-18.8988765284427
20250921-205356,tokenized,HDP1,8,u_mass,-20.133588501246393
20250921-205356,tokenized,HDP1,9,u_mass,-20.343004783190167
20250921-205356,tokenized,HDP1,10,u_mass,-20.3334786356231
20250921-205356,tokenized,HDP1,11,u_mass,-17.18098644917818
20250921-205356,tokenized,HDP1,12,u_mass,-17.702083764182618
20250921-205356,tokenized,HDP1,13,u_mass,-19.329350690015904
20250921-205356,tokenized,HDP1,14,u_mass,-19.454013733115215
20250921-205356,tokenized,HDP1,15,u_mass,-15.840596428811736
20250921-205356,tokenized,HDP1,16,u_mass,-19.56555172912471
20250921-205356,tokenized,HDP1,17,u_mass,-17.483597354860954
20250921-205356,tokenized,HDP1,18,u_mass,-17.842157901587907
20250921-205356,tokenized,HDP1,19,u_mass,-18.08239882882242
20250921-205356,tokenized,HDP1,20,u_mass,-15.767272038270416
20250921-205356,tokenized,HDP1,21,u_mass,-16.752726555515157
20250921-205356,tokenized,HDP1,22,u_mass,-19.254536938157916
20250921-205356,tokenized,HDP1,23,u_mass,-20.520088773307126
20250921-205356,tokenized,HDP1,24,u_mass,-20.539045106722316
20250921-205356,tokenized,HDP1,0,c_npmi,-0.42218685828748215
20250921-205356,tokenized,HDP1,1,c_npmi,-0.40621199397186647
20250921-205356,tokenized,HDP1,2,c_npmi,-0.42563198978898625
20250921-205356,tokenized,HDP1,3,c_npmi,-0.43726940356201527
20250921-205356,tokenized,HDP1,4,c_npmi,-0.43464549259455726
20250921-205356,tokenized,HDP1,5,c_npmi,-0.44243646333722475
20250921-205356,tokenized,HDP1,6,c_npmi,-0.41555163100401604
20250921-205356,tokenized,HDP1,7,c_npmi,-0.4429535098413787
20250921-205356,tokenized,HDP1,8,c_npmi,-0.4229876032697415
20250921-205356,tokenized,HDP1,9,c_npmi,-0.4046286500884689
20250921-205356,tokenized,HDP1,10,c_npmi,-0.4096811599763318
20250921-205356,tokenized,HDP1,11,c_npmi,-0.44288254513463426
20250921-205356,tokenized,HDP1,12,c_npmi,-0.40685534437748344
20250921-205356,tokenized,HDP1,13,c_npmi,-0.45081700806639297
20250921-205356,tokenized,HDP1,14,c_npmi,-0.4343554947791001
20250921-205356,tokenized,HDP1,15,c_npmi,-0.4464350583064884
20250921-205356,tokenized,HDP1,16,c_npmi,-0.4235484683011208
20250921-205356,tokenized,HDP1,17,c_npmi,-0.44367454066159345
20250921-205356,tokenized,HDP1,18,c_npmi,-0.42313359085479463
20250921-205356,tokenized,HDP1,19,c_npmi,-0.42590650310002054
20250921-205356,tokenized,HDP1,20,c_npmi,-0.42717645697639456
20250921-205356,tokenized,HDP1,21,c_npmi,-0.4258527718412965
20250921-205356,tokenized,HDP1,22,c_npmi,-0.44638205659152225
20250921-205356,tokenized,HDP1,23,c_npmi,-0.43598764057609674
20250921-205356,tokenized,HDP1,24,c_npmi,-0.4310949231328823
20250921-205356,tokenized,HDP1,0,c_uci,-11.801464961706815
20250921-205356,tokenized,HDP1,1,c_uci,-11.363065062154552
20250921-205356,tokenized,HDP1,2,c_uci,-11.82747500308551
20250921-205356,tokenized,HDP1,3,c_uci,-12.18818167281667
20250921-205356,tokenized,HDP1,4,c_uci,-12.072623666813294
20250921-205356,tokenized,HDP1,5,c_uci,-12.334878122213716
20250921-205356,tokenized,HDP1,6,c_uci,-11.749715249714628
20250921-205356,tokenized,HDP1,7,c_uci,-12.292957728842028
20250921-205356,tokenized,HDP1,8,c_uci,-11.776724732323013
20250921-205356,tokenized,HDP1,9,c_uci,-11.217482337859076
20250921-205356,tokenized,HDP1,10,c_uci,-11.498925648667342
20250921-205356,tokenized,HDP1,11,c_uci,-12.307826161919529
20250921-205356,tokenized,HDP1,12,c_uci,-11.333214809859873
20250921-205356,tokenized,HDP1,13,c_uci,-12.465213505397664
20250921-205356,tokenized,HDP1,14,c_uci,-12.102965442813318
20250921-205356,tokenized,HDP1,15,c_uci,-12.509544184166543
20250921-205356,tokenized,HDP1,16,c_uci,-11.872932792671014
20250921-205356,tokenized,HDP1,17,c_uci,-12.392336169356472
20250921-205356,tokenized,HDP1,18,c_uci,-11.788285088345479
20250921-205356,tokenized,HDP1,19,c_uci,-12.005483034337567
20250921-205356,tokenized,HDP1,20,c_uci,-12.000100778613016
20250921-205356,tokenized,HDP1,21,c_uci,-11.953096767710473
20250921-205356,tokenized,HDP1,22,c_uci,-12.444812042737299
20250921-205356,tokenized,HDP1,23,c_uci,-12.046783703041994
20250921-205356,tokenized,HDP1,24,c_uci,-12.060052806833268
20250921-205356,tokenized,HDP2,0,c_v,0.7451012730695984
20250921-205356,tokenized,HDP2,1,c_v,0.6136286646630087
20250921-205356,tokenized,HDP2,2,c_v,0.6987523462505653
20250921-205356,tokenized,HDP2,3,c_v,0.6221119313976196
20250921-205356,tokenized,HDP2,4,c_v,0.7106471067193272
20250921-205356,tokenized,HDP2,5,c_v,0.674343816508793
20250921-205356,tokenized,HDP2,6,c_v,0.6614053882731185
20250921-205356,tokenized,HDP2,7,c_v,0.7253737891253365
20250921-205356,tokenized,HDP2,8,c_v,0.7289070008193413
20250921-205356,tokenized,HDP2,9,c_v,0.7021102957560048
20250921-205356,tokenized,HDP2,10,c_v,0.6966080373031043
20250921-205356,tokenized,HDP2,11,c_v,0.6830337598705692
20250921-205356,tokenized,HDP2,12,c_v,0.7335773160264225
20250921-205356,tokenized,HDP2,13,c_v,0.7148995484983776
20250921-205356,tokenized,HDP2,14,c_v,0.7681521446400849
20250921-205356,tokenized,HDP2,15,c_v,0.7485881606364745
20250921-205356,tokenized,HDP2,16,c_v,0.706873912881318
20250921-205356,tokenized,HDP2,17,c_v,0.6866288433208421
20250921-205356,tokenized,HDP2,18,c_v,0.6452737558900694
20250921-205356,tokenized,HDP2,19,c_v,0.7217525270615411
20250921-205356,tokenized,HDP2,20,c_v,0.6714313571041024
20250921-205356,tokenized,HDP2,21,c_v,0.6863763794115385
20250921-205356,tokenized,HDP2,22,c_v,0.720557330998175
20250921-205356,tokenized,HDP2,23,c_v,0.7562512643035179
20250921-205356,tokenized,HDP2,24,c_v,0.6887770306133337
20250921-205356,tokenized,HDP2,25,c_v,0.6720773134819382
20250921-205356,tokenized,HDP2,26,c_v,0.6812204274322757
20250921-205356,tokenized,HDP2,27,c_v,0.7406714372615881
20250921-205356,tokenized,HDP2,28,c_v,0.7160566004482483
20250921-205356,tokenized,HDP2,29,c_v,0.7416039185662181
20250921-205356,tokenized,HDP2,30,c_v,0.6880331191834563
20250921-205356,tokenized,HDP2,31,c_v,0.7700915035292085
20250921-205356,tokenized,HDP2,32,c_v,0.6712930072226587
20250921-205356,tokenized,HDP2,33,c_v,0.6217810381145277
20250921-205356,tokenized,HDP2,34,c_v,0.7609647050213187
20250921-205356,tokenized,HDP2,35,c_v,0.7237603393972104
20250921-205356,tokenized,HDP2,36,c_v,0.733925853256743
20250921-205356,tokenized,HDP2,37,c_v,0.6894327766725576
20250921-205356,tokenized,HDP2,38,c_v,0.7462874763704228
20250921-205356,tokenized,HDP2,39,c_v,0.7526708463025955
20250921-205356,tokenized,HDP2,40,c_v,0.7533347658025171
20250921-205356,tokenized,HDP2,41,c_v,0.7243062499374574
20250921-205356,tokenized,HDP2,42,c_v,0.7312929535992256
20250921-205356,tokenized,HDP2,43,c_v,0.7557342826554347
20250921-205356,tokenized,HDP2,44,c_v,0.6647497470896079
20250921-205356,tokenized,HDP2,45,c_v,0.7040307541543183
20250921-205356,tokenized,HDP2,46,c_v,0.6198905142139234
20250921-205356,tokenized,HDP2,47,c_v,0.7432343157993019
20250921-205356,tokenized,HDP2,48,c_v,0.6989873767845772
20250921-205356,tokenized,HDP2,49,c_v,0.7606677404262149
20250921-205356,tokenized,HDP2,50,c_v,0.693796673232278
20250921-205356,tokenized,HDP2,51,c_v,0.747953347731097
20250921-205356,tokenized,HDP2,52,c_v,0.6673801473964643
20250921-205356,tokenized,HDP2,53,c_v,0.7333544166282521
20250921-205356,tokenized,HDP2,54,c_v,0.7559160279332602
20250921-205356,tokenized,HDP2,55,c_v,0.7624589784568643
20250921-205356,tokenized,HDP2,56,c_v,0.7342225309319947
20250921-205356,tokenized,HDP2,57,c_v,0.7080742054860074
20250921-205356,tokenized,HDP2,58,c_v,0.6702945128033152
20250921-205356,tokenized,HDP2,59,c_v,0.7649697637313763
20250921-205356,tokenized,HDP2,60,c_v,0.7588846978626282
20250921-205356,tokenized,HDP2,61,c_v,0.7534543091017548
20250921-205356,tokenized,HDP2,62,c_v,0.6846368004737811
20250921-205356,tokenized,HDP2,63,c_v,0.7789720249452072
20250921-205356,tokenized,HDP2,64,c_v,0.6583123619394684
20250921-205356,tokenized,HDP2,65,c_v,0.7436231653562985
20250921-205356,tokenized,HDP2,66,c_v,0.5965617467659772
20250921-205356,tokenized,HDP2,67,c_v,0.7105384014546301
20250921-205356,tokenized,HDP2,68,c_v,0.6315514032799044
20250921-205356,tokenized,HDP2,69,c_v,0.7273659134926524
20250921-205356,tokenized,HDP2,70,c_v,0.6680263307539573
20250921-205356,tokenized,HDP2,71,c_v,0.7908046511249208
20250921-205356,tokenized,HDP2,72,c_v,0.7005989613383089
20250921-205356,tokenized,HDP2,73,c_v,0.7520751310430581
20250921-205356,tokenized,HDP2,74,c_v,0.7452757184330784
20250921-205356,tokenized,HDP2,75,c_v,0.6675609328417585
20250921-205356,tokenized,HDP2,76,c_v,0.751978929545937
20250921-205356,tokenized,HDP2,77,c_v,0.6984726586565072
20250921-205356,tokenized,HDP2,78,c_v,0.7709126439884317
20250921-205356,tokenized,HDP2,79,c_v,0.7610279653977928
20250921-205356,tokenized,HDP2,80,c_v,0.7427611834516565
20250921-205356,tokenized,HDP2,81,c_v,0.7331848544008965
20250921-205356,tokenized,HDP2,82,c_v,0.7548800531790147
20250921-205356,tokenized,HDP2,83,c_v,0.6643641416324975
20250921-205356,tokenized,HDP2,84,c_v,0.7352447490309074
20250921-205356,tokenized,HDP2,85,c_v,0.7457699795970688
20250921-205356,tokenized,HDP2,86,c_v,0.6742260017375757
20250921-205356,tokenized,HDP2,87,c_v,0.6929905772726749
20250921-205356,tokenized,HDP2,88,c_v,0.751970448639689
20250921-205356,tokenized,HDP2,89,c_v,0.6547620218382042
20250921-205356,tokenized,HDP2,90,c_v,0.7608929801765076
20250921-205356,tokenized,HDP2,91,c_v,0.7152060397021911
20250921-205356,tokenized,HDP2,92,c_v,0.6261157043597751
20250921-205356,tokenized,HDP2,93,c_v,0.7389040004537176
20250921-205356,tokenized,HDP2,94,c_v,0.7313934247466449
20250921-205356,tokenized,HDP2,95,c_v,0.7784615050739769
20250921-205356,tokenized,HDP2,96,c_v,0.6930098796084441
20250921-205356,tokenized,HDP2,97,c_v,0.7358833514871809
20250921-205356,tokenized,HDP2,98,c_v,0.599546482569193
20250921-205356,tokenized,HDP2,99,c_v,0.6018198954399622
20250921-205356,tokenized,HDP2,0,u_mass,-19.845896989324004
20250921-205356,tokenized,HDP2,1,u_mass,-16.057690972282785
20250921-205356,tokenized,HDP2,2,u_mass,-17.728935765113246
20250921-205356,tokenized,HDP2,3,u_mass,-14.860786707271252
20250921-205356,tokenized,HDP2,4,u_mass,-17.930584387179405
20250921-205356,tokenized,HDP2,5,u_mass,-17.681152452108506
20250921-205356,tokenized,HDP2,6,u_mass,-17.316077109829028
20250921-205356,tokenized,HDP2,7,u_mass,-18.225430772165012
20250921-205356,tokenized,HDP2,8,u_mass,-19.064065287625333
20250921-205356,tokenized,HDP2,9,u_mass,-17.867546133646588
20250921-205356,tokenized,HDP2,10,u_mass,-17.566407577919538
20250921-205356,tokenized,HDP2,11,u_mass,-17.31920836636799
20250921-205356,tokenized,HDP2,12,u_mass,-20.19465467890444
20250921-205356,tokenized,HDP2,13,u_mass,-18.754293050067435
20250921-205356,tokenized,HDP2,14,u_mass,-20.717052824999513
20250921-205356,tokenized,HDP2,15,u_mass,-19.600049342198243
20250921-205356,tokenized,HDP2,16,u_mass,-18.779965089981157
20250921-205356,tokenized,HDP2,17,u_mass,-18.467464293234706
20250921-205356,tokenized,HDP2,18,u_mass,-16.51145924277303
20250921-205356,tokenized,HDP2,19,u_mass,-18.80147631119968
20250921-205356,tokenized,HDP2,20,u_mass,-17.970410159568896
20250921-205356,tokenized,HDP2,21,u_mass,-17.32408978120506
20250921-205356,tokenized,HDP2,22,u_mass,-18.741397138826667
20250921-205356,tokenized,HDP2,23,u_mass,-20.079371803274636
20250921-205356,tokenized,HDP2,24,u_mass,-17.241904743403225
20250921-205356,tokenized,HDP2,25,u_mass,-17.097576161668258
20250921-205356,tokenized,HDP2,26,u_mass,-17.68556089771212
20250921-205356,tokenized,HDP2,27,u_mass,-19.817910623895376
20250921-205356,tokenized,HDP2,28,u_mass,-18.61844648931608
20250921-205356,tokenized,HDP2,29,u_mass,-19.943680020362958
20250921-205356,tokenized,HDP2,30,u_mass,-18.159294326478445
20250921-205356,tokenized,HDP2,31,u_mass,-20.509778778277997
20250921-205356,tokenized,HDP2,32,u_mass,-16.460602622268524
20250921-205356,tokenized,HDP2,33,u_mass,-15.611708538698492
20250921-205356,tokenized,HDP2,34,u_mass,-20.26915125716712
20250921-205356,tokenized,HDP2,35,u_mass,-18.998347085867874
20250921-205356,tokenized,HDP2,36,u_mass,-19.05038820964512
20250921-205356,tokenized,HDP2,37,u_mass,-17.310316347849007
20250921-205356,tokenized,HDP2,38,u_mass,-20.196221437661862
20250921-205356,tokenized,HDP2,39,u_mass,-20.76423066251973
20250921-205356,tokenized,HDP2,40,u_mass,-19.98318684774328
20250921-205356,tokenized,HDP2,41,u_mass,-19.027076260174645
20250921-205356,tokenized,HDP2,42,u_mass,-18.987524061965473
20250921-205356,tokenized,HDP2,43,u_mass,-20.053820410411586
20250921-205356,tokenized,HDP2,44,u_mass,-17.626455417996414
20250921-205356,tokenized,HDP2,45,u_mass,-18.63740715300224
20250921-205356,tokenized,HDP2,46,u_mass,-15.326311199748504
20250921-205356,tokenized,HDP2,47,u_mass,-19.424650636016707
20250921-205356,tokenized,HDP2,48,u_mass,-18.59555520592479
20250921-205356,tokenized,HDP2,49,u_mass,-20.675435564220958
20250921-205356,tokenized,HDP2,50,u_mass,-17.565507212652314
20250921-205356,tokenized,HDP2,51,u_mass,-19.49323654838455
20250921-205356,tokenized,HDP2,52,u_mass,-16.30466120073666
20250921-205356,tokenized,HDP2,53,u_mass,-19.695998288609445
20250921-205356,tokenized,HDP2,54,u_mass,-20.005573931058763
20250921-205356,tokenized,HDP2,55,u_mass,-20.33642402775659
20250921-205356,tokenized,HDP2,56,u_mass,-18.443811903201052
20250921-205356,tokenized,HDP2,57,u_mass,-18.50708372717506
20250921-205356,tokenized,HDP2,58,u_mass,-16.689883680514274
20250921-205356,tokenized,HDP2,59,u_mass,-19.63372750956247
20250921-205356,tokenized,HDP2,60,u_mass,-19.69846118892827
20250921-205356,tokenized,HDP2,61,u_mass,-19.2108635191224
20250921-205356,tokenized,HDP2,62,u_mass,-17.866818647273593
20250921-205356,tokenized,HDP2,63,u_mass,-20.33571246616281
20250921-205356,tokenized,HDP2,64,u_mass,-16.553793667005785
20250921-205356,tokenized,HDP2,65,u_mass,-19.355371072213266
20250921-205356,tokenized,HDP2,66,u_mass,-15.091924705390477
20250921-205356,tokenized,HDP2,67,u_mass,-18.202672796579133
20250921-205356,tokenized,HDP2,68,u_mass,-15.900807433897214
20250921-205356,tokenized,HDP2,69,u_mass,-17.834157489534892
20250921-205356,tokenized,HDP2,70,u_mass,-16.805071030851728
20250921-205356,tokenized,HDP2,71,u_mass,-20.51530281799761
20250921-205356,tokenized,HDP2,72,u_mass,-17.644041109603943
20250921-205356,tokenized,HDP2,73,u_mass,-20.00890084117126
20250921-205356,tokenized,HDP2,74,u_mass,-20.27845588728143
20250921-205356,tokenized,HDP2,75,u_mass,-16.77043938108691
20250921-205356,tokenized,HDP2,76,u_mass,-19.27931614845728
20250921-205356,tokenized,HDP2,77,u_mass,-18.20053223937363
20250921-205356,tokenized,HDP2,78,u_mass,-20.593462081149866
20250921-205356,tokenized,HDP2,79,u_mass,-20.80713834952311
20250921-205356,tokenized,HDP2,80,u_mass,-19.639187265515393
20250921-205356,tokenized,HDP2,81,u_mass,-19.670739044572464
20250921-205356,tokenized,HDP2,82,u_mass,-20.56073404019205
20250921-205356,tokenized,HDP2,83,u_mass,-16.898766474972714
20250921-205356,tokenized,HDP2,84,u_mass,-18.34313594943312
20250921-205356,tokenized,HDP2,85,u_mass,-19.184429877549753
20250921-205356,tokenized,HDP2,86,u_mass,-17.20996713125828
20250921-205356,tokenized,HDP2,87,u_mass,-17.69305513083252
20250921-205356,tokenized,HDP2,88,u_mass,-20.548263323144333
20250921-205356,tokenized,HDP2,89,u_mass,-16.79226271838372
20250921-205356,tokenized,HDP2,90,u_mass,-19.610091127191254
20250921-205356,tokenized,HDP2,91,u_mass,-18.93325862219735
20250921-205356,tokenized,HDP2,92,u_mass,-15.71596951729494
20250921-205356,tokenized,HDP2,93,u_mass,-19.540770904934675
20250921-205356,tokenized,HDP2,94,u_mass,-19.839139481535618
20250921-205356,tokenized,HDP2,95,u_mass,-21.031543719355412
20250921-205356,tokenized,HDP2,96,u_mass,-17.796663993861504
20250921-205356,tokenized,HDP2,97,u_mass,-18.787549985779673
20250921-205356,tokenized,HDP2,98,u_mass,-15.597782995054326
20250921-205356,tokenized,HDP2,99,u_mass,-15.626431489399671
20250921-205356,tokenized,HDP2,0,c_npmi,-0.4325282848623812
20250921-205356,tokenized,HDP2,1,c_npmi,-0.3610321813093151
20250921-205356,tokenized,HDP2,2,c_npmi,-0.41313860940910874
20250921-205356,tokenized,HDP2,3,c_npmi,-0.38071068175360084
20250921-205356,tokenized,HDP2,4,c_npmi,-0.43389719855175907
20250921-205356,tokenized,HDP2,5,c_npmi,-0.4363367567582664
20250921-205356,tokenized,HDP2,6,c_npmi,-0.40732872994318786
20250921-205356,tokenized,HDP2,7,c_npmi,-0.4358189567168326
20250921-205356,tokenized,HDP2,8,c_npmi,-0.42925587715851815
20250921-205356,tokenized,HDP2,9,c_npmi,-0.3626259152656001
20250921-205356,tokenized,HDP2,10,c_npmi,-0.422850883915183
20250921-205356,tokenized,HDP2,11,c_npmi,-0.4316935264105718
20250921-205356,tokenized,HDP2,12,c_npmi,-0.43699529877521326
20250921-205356,tokenized,HDP2,13,c_npmi,-0.4186112760390127
20250921-205356,tokenized,HDP2,14,c_npmi,-0.4418562888273633
20250921-205356,tokenized,HDP2,15,c_npmi,-0.44343736890213564
20250921-205356,tokenized,HDP2,16,c_npmi,-0.43247229262541453
20250921-205356,tokenized,HDP2,17,c_npmi,-0.41013819633781035
20250921-205356,tokenized,HDP2,18,c_npmi,-0.4069536300500316
20250921-205356,tokenized,HDP2,19,c_npmi,-0.4216429546652625
20250921-205356,tokenized,HDP2,20,c_npmi,-0.4260888994322195
20250921-205356,tokenized,HDP2,21,c_npmi,-0.4383614871702566
20250921-205356,tokenized,HDP2,22,c_npmi,-0.4215552033375997
20250921-205356,tokenized,HDP2,23,c_npmi,-0.42261539819203625
20250921-205356,tokenized,HDP2,24,c_npmi,-0.4076399265835495
20250921-205356,tokenized,HDP2,25,c_npmi,-0.4069738350991453
20250921-205356,tokenized,HDP2,26,c_npmi,-0.4416444886463755
20250921-205356,tokenized,HDP2,27,c_npmi,-0.42980067511432024
20250921-205356,tokenized,HDP2,28,c_npmi,-0.44317044972219893
20250921-205356,tokenized,HDP2,29,c_npmi,-0.4384593602478712
20250921-205356,tokenized,HDP2,30,c_npmi,-0.38444692380936657
20250921-205356,tokenized,HDP2,31,c_npmi,-0.42917060144155617
20250921-205356,tokenized,HDP2,32,c_npmi,-0.41613131845979273
20250921-205356,tokenized,HDP2,33,c_npmi,-0.42496436683403
20250921-205356,tokenized,HDP2,34,c_npmi,-0.4243925479744438
20250921-205356,tokenized,HDP2,35,c_npmi,-0.44033570339251393
20250921-205356,tokenized,HDP2,36,c_npmi,-0.4318996965456083
20250921-205356,tokenized,HDP2,37,c_npmi,-0.4344329272033514
20250921-205356,tokenized,HDP2,38,c_npmi,-0.4247935557946987
20250921-205356,tokenized,HDP2,39,c_npmi,-0.4141613150317246
20250921-205356,tokenized,HDP2,40,c_npmi,-0.4380647843505977
20250921-205356,tokenized,HDP2,41,c_npmi,-0.42364894316697216
20250921-205356,tokenized,HDP2,42,c_npmi,-0.44902301216303525
20250921-205356,tokenized,HDP2,43,c_npmi,-0.4288275590591239
20250921-205356,tokenized,HDP2,44,c_npmi,-0.41923363517080137
20250921-205356,tokenized,HDP2,45,c_npmi,-0.43417764852994856
20250921-205356,tokenized,HDP2,46,c_npmi,-0.4269317581854528
20250921-205356,tokenized,HDP2,47,c_npmi,-0.44126907928582454
20250921-205356,tokenized,HDP2,48,c_npmi,-0.41577358972614636
20250921-205356,tokenized,HDP2,49,c_npmi,-0.41905311601901607
20250921-205356,tokenized,HDP2,50,c_npmi,-0.39542239946596314
20250921-205356,tokenized,HDP2,51,c_npmi,-0.4342290656450313
20250921-205356,tokenized,HDP2,52,c_npmi,-0.39812071575877084
20250921-205356,tokenized,HDP2,53,c_npmi,-0.4476988937118615
20250921-205356,tokenized,HDP2,54,c_npmi,-0.4280648344085358
20250921-205356,tokenized,HDP2,55,c_npmi,-0.4211845160212038
20250921-205356,tokenized,HDP2,56,c_npmi,-0.4080657407958736
20250921-205356,tokenized,HDP2,57,c_npmi,-0.42870777596291004
20250921-205356,tokenized,HDP2,58,c_npmi,-0.42027432159164074
20250921-205356,tokenized,HDP2,59,c_npmi,-0.4322284492976236
20250921-205356,tokenized,HDP2,60,c_npmi,-0.42237504151415506
20250921-205356,tokenized,HDP2,61,c_npmi,-0.44801299008764534
20250921-205356,tokenized,HDP2,62,c_npmi,-0.44810207778439093
20250921-205356,tokenized,HDP2,63,c_npmi,-0.4356403348544357
20250921-205356,tokenized,HDP2,64,c_npmi,-0.39665130683753225
20250921-205356,tokenized,HDP2,65,c_npmi,-0.4340264943268292
20250921-205356,tokenized,HDP2,66,c_npmi,-0.4280926139690341
20250921-205356,tokenized,HDP2,67,c_npmi,-0.4252135238266548
20250921-205356,tokenized,HDP2,68,c_npmi,-0.4433786117170173
20250921-205356,tokenized,HDP2,69,c_npmi,-0.429507819945566
20250921-205356,tokenized,HDP2,70,c_npmi,-0.39596253292035727
20250921-205356,tokenized,HDP2,71,c_npmi,-0.4071846868734258
20250921-205356,tokenized,HDP2,72,c_npmi,-0.4032372155506805
20250921-205356,tokenized,HDP2,73,c_npmi,-0.40633579825504096
20250921-205356,tokenized,HDP2,74,c_npmi,-0.4173518267116378
20250921-205356,tokenized,HDP2,75,c_npmi,-0.4118978890619908
20250921-205356,tokenized,HDP2,76,c_npmi,-0.44252605114590843
20250921-205356,tokenized,HDP2,77,c_npmi,-0.4254663488738716
20250921-205356,tokenized,HDP2,78,c_npmi,-0.4285119545754143
20250921-205356,tokenized,HDP2,79,c_npmi,-0.4113522570271492
20250921-205356,tokenized,HDP2,80,c_npmi,-0.4284928549520744
20250921-205356,tokenized,HDP2,81,c_npmi,-0.44134727085253683
20250921-205356,tokenized,HDP2,82,c_npmi,-0.4290461471928977
20250921-205356,tokenized,HDP2,83,c_npmi,-0.424480964015068
20250921-205356,tokenized,HDP2,84,c_npmi,-0.42191005405263277
20250921-205356,tokenized,HDP2,85,c_npmi,-0.4416724439858224
20250921-205356,tokenized,HDP2,86,c_npmi,-0.4279488019607518
20250921-205356,tokenized,HDP2,87,c_npmi,-0.43872234436007185
20250921-205356,tokenized,HDP2,88,c_npmi,-0.4055623575928087
20250921-205356,tokenized,HDP2,89,c_npmi,-0.4194381868830642
20250921-205356,tokenized,HDP2,90,c_npmi,-0.4261904254473597
20250921-205356,tokenized,HDP2,91,c_npmi,-0.4360135735321891
20250921-205356,tokenized,HDP2,92,c_npmi,-0.41791209493850795
20250921-205356,tokenized,HDP2,93,c_npmi,-0.44701212135103746
20250921-205356,tokenized,HDP2,94,c_npmi,-0.42605733405696017
20250921-205356,tokenized,HDP2,95,c_npmi,-0.42108231502192
20250921-205356,tokenized,HDP2,96,c_npmi,-0.406091919911453
20250921-205356,tokenized,HDP2,97,c_npmi,-0.42795892619490994
20250921-205356,tokenized,HDP2,98,c_npmi,-0.39676571262383775
20250921-205356,tokenized,HDP2,99,c_npmi,-0.37837390400547405
20250921-205356,tokenized,HDP2,0,c_uci,-12.045141698378503
20250921-205356,tokenized,HDP2,1,c_uci,-10.169818550723338
20250921-205356,tokenized,HDP2,2,c_uci,-11.650242924721251
20250921-205356,tokenized,HDP2,3,c_uci,-10.672551712396562
20250921-205356,tokenized,HDP2,4,c_uci,-12.131610065440464
20250921-205356,tokenized,HDP2,5,c_uci,-12.137242037235653
20250921-205356,tokenized,HDP2,6,c_uci,-11.462900650349287
20250921-205356,tokenized,HDP2,7,c_uci,-12.134442518487337
20250921-205356,tokenized,HDP2,8,c_uci,-11.888987183777887
20250921-205356,tokenized,HDP2,9,c_uci,-10.285863452120468
20250921-205356,tokenized,HDP2,10,c_uci,-11.737784795700682
20250921-205356,tokenized,HDP2,11,c_uci,-12.053395099357807
20250921-205356,tokenized,HDP2,12,c_uci,-12.19538688689055
20250921-205356,tokenized,HDP2,13,c_uci,-11.753592470283305
20250921-205356,tokenized,HDP2,14,c_uci,-12.2089404467947
20250921-205356,tokenized,HDP2,15,c_uci,-12.320988382778328
20250921-205356,tokenized,HDP2,16,c_uci,-12.083477343599169
20250921-205356,tokenized,HDP2,17,c_uci,-11.54306561601032
20250921-205356,tokenized,HDP2,18,c_uci,-11.51349382778827
20250921-205356,tokenized,HDP2,19,c_uci,-11.803711731345754
20250921-205356,tokenized,HDP2,20,c_uci,-11.993640233014931
20250921-205356,tokenized,HDP2,21,c_uci,-12.227627943137763
20250921-205356,tokenized,HDP2,22,c_uci,-11.810812130390179
20250921-205356,tokenized,HDP2,23,c_uci,-11.813556876982569
20250921-205356,tokenized,HDP2,24,c_uci,-11.399054937714348
20250921-205356,tokenized,HDP2,25,c_uci,-11.469309542044597
20250921-205356,tokenized,HDP2,26,c_uci,-12.350754973394679
20250921-205356,tokenized,HDP2,27,c_uci,-11.957594544093652
20250921-205356,tokenized,HDP2,28,c_uci,-12.316414750242853
20250921-205356,tokenized,HDP2,29,c_uci,-12.175478827639024
20250921-205356,tokenized,HDP2,30,c_uci,-10.989277826472735
20250921-205356,tokenized,HDP2,31,c_uci,-11.880729117083039
20250921-205356,tokenized,HDP2,32,c_uci,-11.585499802155
20250921-205356,tokenized,HDP2,33,c_uci,-11.897164267449007
20250921-205356,tokenized,HDP2,34,c_uci,-11.761267188479067
20250921-205356,tokenized,HDP2,35,c_uci,-12.225992744866772
20250921-205356,tokenized,HDP2,36,c_uci,-12.06268639227397
20250921-205356,tokenized,HDP2,37,c_uci,-12.143718974581555
20250921-205356,tokenized,HDP2,38,c_uci,-11.865326444821745
20250921-205356,tokenized,HDP2,39,c_uci,-11.494436628462077
20250921-205356,tokenized,HDP2,40,c_uci,-12.259897232125793
20250921-205356,tokenized,HDP2,41,c_uci,-11.857580798712005
20250921-205356,tokenized,HDP2,42,c_uci,-12.445638708051678
20250921-205356,tokenized,HDP2,43,c_uci,-11.92322349604886
20250921-205356,tokenized,HDP2,44,c_uci,-11.815233490178407
20250921-205356,tokenized,HDP2,45,c_uci,-12.111153590972505
20250921-205356,tokenized,HDP2,46,c_uci,-11.888417694051402
20250921-205356,tokenized,HDP2,47,c_uci,-12.257226223815941
20250921-205356,tokenized,HDP2,48,c_uci,-11.722038598941607
20250921-205356,tokenized,HDP2,49,c_uci,-11.578865497417087
20250921-205356,tokenized,HDP2,50,c_uci,-11.254113368714393
20250921-205356,tokenized,HDP2,51,c_uci,-12.033206370524423
20250921-205356,tokenized,HDP2,52,c_uci,-11.043181644635947
20250921-205356,tokenized,HDP2,53,c_uci,-12.399102834752801
20250921-205356,tokenized,HDP2,54,c_uci,-11.99839515372521
20250921-205356,tokenized,HDP2,55,c_uci,-11.738321047440781
20250921-205356,tokenized,HDP2,56,c_uci,-11.416654746787303
20250921-205356,tokenized,HDP2,57,c_uci,-11.996489901797034
20250921-205356,tokenized,HDP2,58,c_uci,-11.688157392367904
20250921-205356,tokenized,HDP2,59,c_uci,-11.999459458675645
20250921-205356,tokenized,HDP2,60,c_uci,-11.82146627110067
20250921-205356,tokenized,HDP2,61,c_uci,-12.483065777581329
20250921-205356,tokenized,HDP2,62,c_uci,-12.531273219389911
20250921-205356,tokenized,HDP2,63,c_uci,-12.094895383913203
20250921-205356,tokenized,HDP2,64,c_uci,-11.125476967214713
20250921-205356,tokenized,HDP2,65,c_uci,-12.096344066474666
20250921-205356,tokenized,HDP2,66,c_uci,-12.013501327523755
20250921-205356,tokenized,HDP2,67,c_uci,-11.947153478972325
20250921-205356,tokenized,HDP2,68,c_uci,-12.44751314440797
20250921-205356,tokenized,HDP2,69,c_uci,-11.9329931159347
20250921-205356,tokenized,HDP2,70,c_uci,-11.077889604708174
20250921-205356,tokenized,HDP2,71,c_uci,-11.284361131397514
20250921-205356,tokenized,HDP2,72,c_uci,-11.362211719148812
20250921-205356,tokenized,HDP2,73,c_uci,-11.41288926615209
20250921-205356,tokenized,HDP2,74,c_uci,-11.628361013587954
20250921-205356,tokenized,HDP2,75,c_uci,-11.532052687579222
20250921-205356,tokenized,HDP2,76,c_uci,-12.286401047719105
20250921-205356,tokenized,HDP2,77,c_uci,-11.859936308655927
20250921-205356,tokenized,HDP2,78,c_uci,-11.950747794548073
20250921-205356,tokenized,HDP2,79,c_uci,-11.421917721940243
20250921-205356,tokenized,HDP2,80,c_uci,-11.92129076075134
20250921-205356,tokenized,HDP2,81,c_uci,-12.276977060338146
20250921-205356,tokenized,HDP2,82,c_uci,-11.939077485643098
20250921-205356,tokenized,HDP2,83,c_uci,-11.864440608101521
20250921-205356,tokenized,HDP2,84,c_uci,-11.80503551722699
20250921-205356,tokenized,HDP2,85,c_uci,-12.33563147797019
20250921-205356,tokenized,HDP2,86,c_uci,-12.063152610647235
20250921-205356,tokenized,HDP2,87,c_uci,-12.182814360649402
20250921-205356,tokenized,HDP2,88,c_uci,-11.307024083177241
20250921-205356,tokenized,HDP2,89,c_uci,-11.636686751364428
20250921-205356,tokenized,HDP2,90,c_uci,-11.819095693606103
20250921-205356,tokenized,HDP2,91,c_uci,-12.086681368679606
20250921-205356,tokenized,HDP2,92,c_uci,-11.588065354482273
20250921-205356,tokenized,HDP2,93,c_uci,-12.38515706878032
20250921-205356,tokenized,HDP2,94,c_uci,-11.907524070828238
20250921-205356,tokenized,HDP2,95,c_uci,-11.724429995103304
20250921-205356,tokenized,HDP2,96,c_uci,-11.520693758501334
20250921-205356,tokenized,HDP2,97,c_uci,-11.84665592370201
20250921-205356,tokenized,HDP2,98,c_uci,-11.121979773029278
20250921-205356,tokenized,HDP2,99,c_uci,-10.681545569091996
20250921-205356,no_numeric,LDA,0,c_v,0.43075028224214157
20250921-205356,no_numeric,LDA,1,c_v,0.41296177675061374
20250921-205356,no_numeric,LDA,2,c_v,0.2997515264833742
20250921-205356,no_numeric,LDA,3,c_v,0.2976542219407145
20250921-205356,no_numeric,LDA,4,c_v,0.4020194486221883
20250921-205356,no_numeric,LDA,5,c_v,0.3823846521141146
20250921-205356,no_numeric,LDA,6,c_v,0.27084650333507876
20250921-205356,no_numeric,LDA,7,c_v,0.3662837885330368
20250921-205356,no_numeric,LDA,8,c_v,0.3350907950849953
20250921-205356,no_numeric,LDA,9,c_v,0.30778474405560974
20250921-205356,no_numeric,LDA,10,c_v,0.2775022293127837
20250921-205356,no_numeric,LDA,11,c_v,0.5463326405565896
20250921-205356,no_numeric,LDA,12,c_v,0.2678871928238712
20250921-205356,no_numeric,LDA,13,c_v,0.340467079851023
20250921-205356,no_numeric,LDA,14,c_v,0.37746184461585564
20250921-205356,no_numeric,LDA,15,c_v,0.3457726085268739
20250921-205356,no_numeric,LDA,16,c_v,0.37012420487002873
20250921-205356,no_numeric,LDA,17,c_v,0.38887946016481595
20250921-205356,no_numeric,LDA,18,c_v,0.4241671114128242
20250921-205356,no_numeric,LDA,19,c_v,0.3625153924606671
20250921-205356,no_numeric,LDA,20,c_v,0.3483839846806991
20250921-205356,no_numeric,LDA,21,c_v,0.35101315015426393
20250921-205356,no_numeric,LDA,22,c_v,0.5062600450444221
20250921-205356,no_numeric,LDA,23,c_v,0.5060693118603361
20250921-205356,no_numeric,LDA,24,c_v,0.46045641398943804
20250921-205356,no_numeric,LDA,0,u_mass,-1.5868856561392384
20250921-205356,no_numeric,LDA,1,u_mass,-1.7273490425589602
20250921-205356,no_numeric,LDA,2,u_mass,-2.4047214301580477
20250921-205356,no_numeric,LDA,3,u_mass,-1.1350684469035046
20250921-205356,no_numeric,LDA,4,u_mass,-1.3673579131545122
20250921-205356,no_numeric,LDA,5,u_mass,-1.1788314844152326
20250921-205356,no_numeric,LDA,6,u_mass,-2.2089643818759575
20250921-205356,no_numeric,LDA,7,u_mass,-1.6114876074871114
20250921-205356,no_numeric,LDA,8,u_mass,-2.763768403752367
20250921-205356,no_numeric,LDA,9,u_mass,-2.684391321663188
20250921-205356,no_numeric,LDA,10,u_mass,-1.9303126536134492
20250921-205356,no_numeric,LDA,11,u_mass,-1.4173002268729575
20250921-205356,no_numeric,LDA,12,u_mass,-1.6266066035516888
20250921-205356,no_numeric,LDA,13,u_mass,-1.5153713059962055
20250921-205356,no_numeric,LDA,14,u_mass,-1.3598811393628674
20250921-205356,no_numeric,LDA,15,u_mass,-1.7133670367703064
20250921-205356,no_numeric,LDA,16,u_mass,-1.2917122452845415
20250921-205356,no_numeric,LDA,17,u_mass,-1.9295471379587696
20250921-205356,no_numeric,LDA,18,u_mass,-1.9041983375863023
20250921-205356,no_numeric,LDA,19,u_mass,-2.0589349541799242
20250921-205356,no_numeric,LDA,20,u_mass,-2.2417052974474316
20250921-205356,no_numeric,LDA,21,u_mass,-1.7708763934622864
20250921-205356,no_numeric,LDA,22,u_mass,-2.0181404513737213
20250921-205356,no_numeric,LDA,23,u_mass,-2.287336991219077
20250921-205356,no_numeric,LDA,24,u_mass,-1.8373479031181315
20250921-205356,no_numeric,LDA,0,c_npmi,0.03713968409561282
20250921-205356,no_numeric,LDA,1,c_npmi,0.03395750189178809
20250921-205356,no_numeric,LDA,2,c_npmi,-0.04272208174527462
20250921-205356,no_numeric,LDA,3,c_npmi,-0.03000719972524635
20250921-205356,no_numeric,LDA,4,c_npmi,0.00816368836086588
20250921-205356,no_numeric,LDA,5,c_npmi,0.003079740941059717
20250921-205356,no_numeric,LDA,6,c_npmi,-0.03324725809338742
20250921-205356,no_numeric,LDA,7,c_npmi,-0.00618722779865843
20250921-205356,no_numeric,LDA,8,c_npmi,-0.02233747857549775
20250921-205356,no_numeric,LDA,9,c_npmi,-0.04192452280091896
20250921-205356,no_numeric,LDA,10,c_npmi,-0.021405837110608724
20250921-205356,no_numeric,LDA,11,c_npmi,0.08840051831829521
20250921-205356,no_numeric,LDA,12,c_npmi,-0.035056851179356044
20250921-205356,no_numeric,LDA,13,c_npmi,-0.011371197194514224
20250921-205356,no_numeric,LDA,14,c_npmi,0.008480955408911105
20250921-205356,no_numeric,LDA,15,c_npmi,-0.014173452144272281
20250921-205356,no_numeric,LDA,16,c_npmi,0.023735230622352922
20250921-205356,no_numeric,LDA,17,c_npmi,0.0022863679026865935
20250921-205356,no_numeric,LDA,18,c_npmi,0.011512913423738795
20250921-205356,no_numeric,LDA,19,c_npmi,0.032874589967626794
20250921-205356,no_numeric,LDA,20,c_npmi,-0.010658955636829785
20250921-205356,no_numeric,LDA,21,c_npmi,-0.007441050437349292
20250921-205356,no_numeric,LDA,22,c_npmi,0.0467508498800692
20250921-205356,no_numeric,LDA,23,c_npmi,0.020631786055904638
20250921-205356,no_numeric,LDA,24,c_npmi,0.025638649030149074
20250921-205356,no_numeric,LDA,0,c_uci,0.06841610246413621
20250921-205356,no_numeric,LDA,1,c_uci,0.0752463325605645
20250921-205356,no_numeric,LDA,2,c_uci,-0.8398042588447739
20250921-205356,no_numeric,LDA,3,c_uci,-0.3235735353102217
20250921-205356,no_numeric,LDA,4,c_uci,0.03125894455175344
20250921-205356,no_numeric,LDA,5,c_uci,-0.10287232470579286
20250921-205356,no_numeric,LDA,6,c_uci,-0.7365677918265606
20250921-205356,no_numeric,LDA,7,c_uci,-0.46292427635938493
20250921-205356,no_numeric,LDA,8,c_uci,-0.9689147005622644
20250921-205356,no_numeric,LDA,9,c_uci,-1.1305174801702016
20250921-205356,no_numeric,LDA,10,c_uci,-0.5233620462027668
20250921-205356,no_numeric,LDA,11,c_uci,0.33289505976024686
20250921-205356,no_numeric,LDA,12,c_uci,-0.5923600065232475
20250921-205356,no_numeric,LDA,13,c_uci,-0.39529226921686544
20250921-205356,no_numeric,LDA,14,c_uci,-0.13078401482854096
20250921-205356,no_numeric,LDA,15,c_uci,-0.5953988894712936
20250921-205356,no_numeric,LDA,16,c_uci,0.15606927998615516
20250921-205356,no_numeric,LDA,17,c_uci,-0.09184997268994843
20250921-205356,no_numeric,LDA,18,c_uci,-0.517051200823889
20250921-205356,no_numeric,LDA,19,c_uci,0.001639664628681412
20250921-205356,no_numeric,LDA,20,c_uci,-0.5388421838714108
20250921-205356,no_numeric,LDA,21,c_uci,-0.35433193927507556
20250921-205356,no_numeric,LDA,22,c_uci,0.07441373635490191
20250921-205356,no_numeric,LDA,23,c_uci,-0.49315940546506803
20250921-205356,no_numeric,LDA,24,c_uci,-0.19477291546572498
20250921-205356,no_numeric,HDP1,0,c_v,0.6632702411818686
20250921-205356,no_numeric,HDP1,1,c_v,0.7630142015675268
20250921-205356,no_numeric,HDP1,2,c_v,0.746287795262742
20250921-205356,no_numeric,HDP1,3,c_v,0.6735814556308853
20250921-205356,no_numeric,HDP1,4,c_v,0.7313501077684933
20250921-205356,no_numeric,HDP1,5,c_v,0.7153984525807007
20250921-205356,no_numeric,HDP1,6,c_v,0.6788843275752574
20250921-205356,no_numeric,HDP1,7,c_v,0.7236263576496125
20250921-205356,no_numeric,HDP1,8,c_v,0.7585822125704582
20250921-205356,no_numeric,HDP1,9,c_v,0.7669540113983448
20250921-205356,no_numeric,HDP1,10,c_v,0.7383210574517314
20250921-205356,no_numeric,HDP1,11,c_v,0.6754417644166305
20250921-205356,no_numeric,HDP1,12,c_v,0.6938443363644816
20250921-205356,no_numeric,HDP1,13,c_v,0.7202613499850096
20250921-205356,no_numeric,HDP1,14,c_v,0.7201385334371244
20250921-205356,no_numeric,HDP1,15,c_v,0.6282911335093437
20250921-205356,no_numeric,HDP1,16,c_v,0.7267578998519076
20250921-205356,no_numeric,HDP1,17,c_v,0.6798697686540452
20250921-205356,no_numeric,HDP1,18,c_v,0.6665065989590933
20250921-205356,no_numeric,HDP1,19,c_v,0.6862524621213527
20250921-205356,no_numeric,HDP1,20,c_v,0.6158062220254972
20250921-205356,no_numeric,HDP1,21,c_v,0.6690310850250991
20250921-205356,no_numeric,HDP1,22,c_v,0.723880967806102
20250921-205356,no_numeric,HDP1,23,c_v,0.783663124170697
20250921-205356,no_numeric,HDP1,24,c_v,0.7658523759982621
20250921-205356,no_numeric,HDP1,0,u_mass,-17.57656084848758
20250921-205356,no_numeric,HDP1,1,u_mass,-20.569111647649308
20250921-205356,no_numeric,HDP1,2,u_mass,-19.329524493356466
20250921-205356,no_numeric,HDP1,3,u_mass,-16.70835913324025
20250921-205356,no_numeric,HDP1,4,u_mass,-19.367791021569545
20250921-205356,no_numeric,HDP1,5,u_mass,-18.718027292345916
20250921-205356,no_numeric,HDP1,6,u_mass,-17.633078044823414
20250921-205356,no_numeric,HDP1,7,u_mass,-18.8988765284427
20250921-205356,no_numeric,HDP1,8,u_mass,-20.133588501246393
20250921-205356,no_numeric,HDP1,9,u_mass,-20.343004783190167
20250921-205356,no_numeric,HDP1,10,u_mass,-20.3334786356231
20250921-205356,no_numeric,HDP1,11,u_mass,-17.18098644917818
20250921-205356,no_numeric,HDP1,12,u_mass,-17.702083764182618
20250921-205356,no_numeric,HDP1,13,u_mass,-19.329350690015904
20250921-205356,no_numeric,HDP1,14,u_mass,-19.454013733115215
20250921-205356,no_numeric,HDP1,15,u_mass,-15.840596428811736
20250921-205356,no_numeric,HDP1,16,u_mass,-19.56555172912471
20250921-205356,no_numeric,HDP1,17,u_mass,-17.483597354860954
20250921-205356,no_numeric,HDP1,18,u_mass,-17.842157901587907
20250921-205356,no_numeric,HDP1,19,u_mass,-18.08239882882242
20250921-205356,no_numeric,HDP1,20,u_mass,-15.767272038270416
20250921-205356,no_numeric,HDP1,21,u_mass,-16.752726555515157
20250921-205356,no_numeric,HDP1,22,u_mass,-19.254536938157916
20250921-205356,no_numeric,HDP1,23,u_mass,-20.520088773307126
20250921-205356,no_numeric,HDP1,24,u_mass,-20.539045106722316
20250921-205356,no_numeric,HDP1,0,c_npmi,-0.42218685828748215
20250921-205356,no_numeric,HDP1,1,c_npmi,-0.40621199397186647
20250921-205356,no_numeric,HDP1,2,c_npmi,-0.42563198978898625
20250921-205356,no_numeric,HDP1,3,c_npmi,-0.43726940356201527
20250921-205356,no_numeric,HDP1,4,c_npmi,-0.43464549259455726
20250921-205356,no_numeric,HDP1,5,c_npmi,-0.44243646333722475
20250921-205356,no_numeric,HDP1,6,c_npmi,-0.41555163100401604
20250921-205356,no_numeric,HDP1,7,c_npmi,-0.4429535098413787
20250921-205356,no_numeric,HDP1,8,c_npmi,-0.4229876032697415
20250921-205356,no_numeric,HDP1,9,c_npmi,-0.4046286500884689
20250921-205356,no_numeric,HDP1,10,c_npmi,-0.4096811599763318
20250921-205356,no_numeric,HDP1,11,c_npmi,-0.44288254513463426
20250921-205356,no_numeric,HDP1,12,c_npmi,-0.40685534437748344
20250921-205356,no_numeric,HDP1,13,c_npmi,-0.45081700806639297
20250921-205356,no_numeric,HDP1,14,c_npmi,-0.4343554947791001
20250921-205356,no_numeric,HDP1,15,c_npmi,-0.4464350583064884
20250921-205356,no_numeric,HDP1,16,c_npmi,-0.4235484683011208
20250921-205356,no_numeric,HDP1,17,c_npmi,-0.44367454066159345
20250921-205356,no_numeric,HDP1,18,c_npmi,-0.42313359085479463
20250921-205356,no_numeric,HDP1,19,c_npmi,-0.42590650310002054
20250921-205356,no_numeric,HDP1,20,c_npmi,-0.42717645697639456
20250921-205356,no_numeric,HDP1,21,c_npmi,-0.4258527718412965
20250921-205356,no_numeric,HDP1,22,c_npmi,-0.44638205659152225
20250921-205356,no_numeric,HDP1,23,c_npmi,-0.43598764057609674
20250921-205356,no_numeric,HDP1,24,c_npmi,-0.4310949231328823
20250921-205356,no_numeric,HDP1,0,c_uci,-11.801464961706815
20250921-205356,no_numeric,HDP1,1,c_uci,-11.363065062154552
20250921-205356,no_numeric,HDP1,2,c_uci,-11.82747500308551
20250921-205356,no_numeric,HDP1,3,c_uci,-12.18818167281667
20250921-205356,no_numeric,HDP1,4,c_uci,-12.072623666813294
20250921-205356,no_numeric,HDP1,5,c_uci,-12.334878122213716
20250921-205356,no_numeric,HDP1,6,c_uci,-11.749715249714628
20250921-205356,no_numeric,HDP1,7,c_uci,-12.292957728842028
20250921-205356,no_numeric,HDP1,8,c_uci,-11.776724732323013
20250921-205356,no_numeric,HDP1,9,c_uci,-11.217482337859076
20250921-205356,no_numeric,HDP1,10,c_uci,-11.498925648667342
20250921-205356,no_numeric,HDP1,11,c_uci,-12.307826161919529
20250921-205356,no_numeric,HDP1,12,c_uci,-11.333214809859873
20250921-205356,no_numeric,HDP1,13,c_uci,-12.465213505397664
20250921-205356,no_numeric,HDP1,14,c_uci,-12.102965442813318
20250921-205356,no_numeric,HDP1,15,c_uci,-12.509544184166543
20250921-205356,no_numeric,HDP1,16,c_uci,-11.872932792671014
20250921-205356,no_numeric,HDP1,17,c_uci,-12.392336169356472
20250921-205356,no_numeric,HDP1,18,c_uci,-11.788285088345479
20250921-205356,no_numeric,HDP1,19,c_uci,-12.005483034337567
20250921-205356,no_numeric,HDP1,20,c_uci,-12.000100778613016
20250921-205356,no_numeric,HDP1,21,c_uci,-11.953096767710473
20250921-205356,no_numeric,HDP1,22,c_uci,-12.444812042737299
20250921-205356,no_numeric,HDP1,23,c_uci,-12.046783703041994
20250921-205356,no_numeric,HDP1,24,c_uci,-12.060052806833268
20250921-205356,no_numeric,HDP2,0,c_v,0.7451012730695984
20250921-205356,no_numeric,HDP2,1,c_v,0.6136286646630087
20250921-205356,no_numeric,HDP2,2,c_v,0.6987523462505653
20250921-205356,no_numeric,HDP2,3,c_v,0.6221119313976196
20250921-205356,no_numeric,HDP2,4,c_v,0.7106471067193272
20250921-205356,no_numeric,HDP2,5,c_v,0.674343816508793
20250921-205356,no_numeric,HDP2,6,c_v,0.6614053882731185
20250921-205356,no_numeric,HDP2,7,c_v,0.7253737891253365
20250921-205356,no_numeric,HDP2,8,c_v,0.7289070008193413
20250921-205356,no_numeric,HDP2,9,c_v,0.7021102957560048
20250921-205356,no_numeric,HDP2,10,c_v,0.6966080373031043
20250921-205356,no_numeric,HDP2,11,c_v,0.6830337598705692
20250921-205356,no_numeric,HDP2,12,c_v,0.7335773160264225
20250921-205356,no_numeric,HDP2,13,c_v,0.7148995484983776
20250921-205356,no_numeric,HDP2,14,c_v,0.7681521446400849
20250921-205356,no_numeric,HDP2,15,c_v,0.7485881606364745
20250921-205356,no_numeric,HDP2,16,c_v,0.706873912881318
20250921-205356,no_numeric,HDP2,17,c_v,0.6866288433208421
20250921-205356,no_numeric,HDP2,18,c_v,0.6452737558900694
20250921-205356,no_numeric,HDP2,19,c_v,0.7217525270615411
20250921-205356,no_numeric,HDP2,20,c_v,0.6714313571041024
20250921-205356,no_numeric,HDP2,21,c_v,0.6863763794115385
20250921-205356,no_numeric,HDP2,22,c_v,0.720557330998175
20250921-205356,no_numeric,HDP2,23,c_v,0.7562512643035179
20250921-205356,no_numeric,HDP2,24,c_v,0.6887770306133337
20250921-205356,no_numeric,HDP2,25,c_v,0.6720773134819382
20250921-205356,no_numeric,HDP2,26,c_v,0.6812204274322757
20250921-205356,no_numeric,HDP2,27,c_v,0.7406714372615881
20250921-205356,no_numeric,HDP2,28,c_v,0.7160566004482483
20250921-205356,no_numeric,HDP2,29,c_v,0.7416039185662181
20250921-205356,no_numeric,HDP2,30,c_v,0.6880331191834563
20250921-205356,no_numeric,HDP2,31,c_v,0.7700915035292085
20250921-205356,no_numeric,HDP2,32,c_v,0.6712930072226587
20250921-205356,no_numeric,HDP2,33,c_v,0.6217810381145277
20250921-205356,no_numeric,HDP2,34,c_v,0.7609647050213187
20250921-205356,no_numeric,HDP2,35,c_v,0.7237603393972104
20250921-205356,no_numeric,HDP2,36,c_v,0.733925853256743
20250921-205356,no_numeric,HDP2,37,c_v,0.6894327766725576
20250921-205356,no_numeric,HDP2,38,c_v,0.7462874763704228
20250921-205356,no_numeric,HDP2,39,c_v,0.7526708463025955
20250921-205356,no_numeric,HDP2,40,c_v,0.7533347658025171
20250921-205356,no_numeric,HDP2,41,c_v,0.7243062499374574
20250921-205356,no_numeric,HDP2,42,c_v,0.7312929535992256
20250921-205356,no_numeric,HDP2,43,c_v,0.7557342826554347
20250921-205356,no_numeric,HDP2,44,c_v,0.6647497470896079
20250921-205356,no_numeric,HDP2,45,c_v,0.7040307541543183
20250921-205356,no_numeric,HDP2,46,c_v,0.6198905142139234
20250921-205356,no_numeric,HDP2,47,c_v,0.7432343157993019
20250921-205356,no_numeric,HDP2,48,c_v,0.6989873767845772
20250921-205356,no_numeric,HDP2,49,c_v,0.7606677404262149
20250921-205356,no_numeric,HDP2,50,c_v,0.693796673232278
20250921-205356,no_numeric,HDP2,51,c_v,0.747953347731097
20250921-205356,no_numeric,HDP2,52,c_v,0.6673801473964643
20250921-205356,no_numeric,HDP2,53,c_v,0.7333544166282521
20250921-205356,no_numeric,HDP2,54,c_v,0.7559160279332602
20250921-205356,no_numeric,HDP2,55,c_v,0.7624589784568643
20250921-205356,no_numeric,HDP2,56,c_v,0.7342225309319947
20250921-205356,no_numeric,HDP2,57,c_v,0.7080742054860074
20250921-205356,no_numeric,HDP2,58,c_v,0.6702945128033152
20250921-205356,no_numeric,HDP2,59,c_v,0.7649697637313763
20250921-205356,no_numeric,HDP2,60,c_v,0.7588846978626282
20250921-205356,no_numeric,HDP2,61,c_v,0.7534543091017548
20250921-205356,no_numeric,HDP2,62,c_v,0.6846368004737811
20250921-205356,no_numeric,HDP2,63,c_v,0.7789720249452072
20250921-205356,no_numeric,HDP2,64,c_v,0.6583123619394684
20250921-205356,no_numeric,HDP2,65,c_v,0.7436231653562985
20250921-205356,no_numeric,HDP2,66,c_v,0.5965617467659772
20250921-205356,no_numeric,HDP2,67,c_v,0.7105384014546301
20250921-205356,no_numeric,HDP2,68,c_v,0.6315514032799044
20250921-205356,no_numeric,HDP2,69,c_v,0.7273659134926524
20250921-205356,no_numeric,HDP2,70,c_v,0.6680263307539573
20250921-205356,no_numeric,HDP2,71,c_v,0.7908046511249208
20250921-205356,no_numeric,HDP2,72,c_v,0.7005989613383089
20250921-205356,no_numeric,HDP2,73,c_v,0.7520751310430581
20250921-205356,no_numeric,HDP2,74,c_v,0.7452757184330784
20250921-205356,no_numeric,HDP2,75,c_v,0.6675609328417585
20250921-205356,no_numeric,HDP2,76,c_v,0.751978929545937
20250921-205356,no_numeric,HDP2,77,c_v,0.6984726586565072
20250921-205356,no_numeric,HDP2,78,c_v,0.7709126439884317
20250921-205356,no_numeric,HDP2,79,c_v,0.7610279653977928
20250921-205356,no_numeric,HDP2,80,c_v,0.7427611834516565
20250921-205356,no_numeric,HDP2,81,c_v,0.7331848544008965
20250921-205356,no_numeric,HDP2,82,c_v,0.7548800531790147
20250921-205356,no_numeric,HDP2,83,c_v,0.6643641416324975
20250921-205356,no_numeric,HDP2,84,c_v,0.7352447490309074
20250921-205356,no_numeric,HDP2,85,c_v,0.7457699795970688
20250921-205356,no_numeric,HDP2,86,c_v,0.6742260017375757
20250921-205356,no_numeric,HDP2,87,c_v,0.6929905772726749
20250921-205356,no_numeric,HDP2,88,c_v,0.751970448639689
20250921-205356,no_numeric,HDP2,89,c_v,0.6547620218382042
20250921-205356,no_numeric,HDP2,90,c_v,0.7608929801765076
20250921-205356,no_numeric,HDP2,91,c_v,0.7152060397021911
20250921-205356,no_numeric,HDP2,92,c_v,0.6261157043597751
20250921-205356,no_numeric,HDP2,93,c_v,0.7389040004537176
20250921-205356,no_numeric,HDP2,94,c_v,0.7313934247466449
20250921-205356,no_numeric,HDP2,95,c_v,0.7784615050739769
20250921-205356,no_numeric,HDP2,96,c_v,0.6930098796084441
20250921-205356,no_numeric,HDP2,97,c_v,0.7358833514871809
20250921-205356,no_numeric,HDP2,98,c_v,0.599546482569193
20250921-205356,no_numeric,HDP2,99,c_v,0.6018198954399622
20250921-205356,no_numeric,HDP2,0,u_mass,-19.845896989324004
20250921-205356,no_numeric,HDP2,1,u_mass,-16.057690972282785
20250921-205356,no_numeric,HDP2,2,u_mass,-17.728935765113246
20250921-205356,no_numeric,HDP2,3,u_mass,-14.860786707271252
20250921-205356,no_numeric,HDP2,4,u_mass,-17.930584387179405
20250921-205356,no_numeric,HDP2,5,u_mass,-17.681152452108506
20250921-205356,no_numeric,HDP2,6,u_mass,-17.316077109829028
20250921-205356,no_numeric,HDP2,7,u_mass,-18.225430772165012
20250921-205356,no_numeric,HDP2,8,u_mass,-19.064065287625333
20250921-205356,no_numeric,HDP2,9,u_mass,-17.867546133646588
20250921-205356,no_numeric,HDP2,10,u_mass,-17.566407577919538
20250921-205356,no_numeric,HDP2,11,u_mass,-17.31920836636799
20250921-205356,no_numeric,HDP2,12,u_mass,-20.19465467890444
20250921-205356,no_numeric,HDP2,13,u_mass,-18.754293050067435
20250921-205356,no_numeric,HDP2,14,u_mass,-20.717052824999513
20250921-205356,no_numeric,HDP2,15,u_mass,-19.600049342198243
20250921-205356,no_numeric,HDP2,16,u_mass,-18.779965089981157
20250921-205356,no_numeric,HDP2,17,u_mass,-18.467464293234706
20250921-205356,no_numeric,HDP2,18,u_mass,-16.51145924277303
20250921-205356,no_numeric,HDP2,19,u_mass,-18.80147631119968
20250921-205356,no_numeric,HDP2,20,u_mass,-17.970410159568896
20250921-205356,no_numeric,HDP2,21,u_mass,-17.32408978120506
20250921-205356,no_numeric,HDP2,22,u_mass,-18.741397138826667
20250921-205356,no_numeric,HDP2,23,u_mass,-20.079371803274636
20250921-205356,no_numeric,HDP2,24,u_mass,-17.241904743403225
20250921-205356,no_numeric,HDP2,25,u_mass,-17.097576161668258
20250921-205356,no_numeric,HDP2,26,u_mass,-17.68556089771212
20250921-205356,no_numeric,HDP2,27,u_mass,-19.817910623895376
20250921-205356,no_numeric,HDP2,28,u_mass,-18.61844648931608
20250921-205356,no_numeric,HDP2,29,u_mass,-19.943680020362958
20250921-205356,no_numeric,HDP2,30,u_mass,-18.159294326478445
20250921-205356,no_numeric,HDP2,31,u_mass,-20.509778778277997
20250921-205356,no_numeric,HDP2,32,u_mass,-16.460602622268524
20250921-205356,no_numeric,HDP2,33,u_mass,-15.611708538698492
20250921-205356,no_numeric,HDP2,34,u_mass,-20.26915125716712
20250921-205356,no_numeric,HDP2,35,u_mass,-18.998347085867874
20250921-205356,no_numeric,HDP2,36,u_mass,-19.05038820964512
20250921-205356,no_numeric,HDP2,37,u_mass,-17.310316347849007
20250921-205356,no_numeric,HDP2,38,u_mass,-20.196221437661862
20250921-205356,no_numeric,HDP2,39,u_mass,-20.76423066251973
20250921-205356,no_numeric,HDP2,40,u_mass,-19.98318684774328
20250921-205356,no_numeric,HDP2,41,u_mass,-19.027076260174645
20250921-205356,no_numeric,HDP2,42,u_mass,-18.987524061965473
20250921-205356,no_numeric,HDP2,43,u_mass,-20.053820410411586
20250921-205356,no_numeric,HDP2,44,u_mass,-17.626455417996414
20250921-205356,no_numeric,HDP2,45,u_mass,-18.63740715300224
20250921-205356,no_numeric,HDP2,46,u_mass,-15.326311199748504
20250921-205356,no_numeric,HDP2,47,u_mass,-19.424650636016707
20250921-205356,no_numeric,HDP2,48,u_mass,-18.59555520592479
20250921-205356,no_numeric,HDP2,49,u_mass,-20.675435564220958
20250921-205356,no_numeric,HDP2,50,u_mass,-17.565507212652314
20250921-205356,no_numeric,HDP2,51,u_mass,-19.49323654838455
20250921-205356,no_numeric,HDP2,52,u_mass,-16.30466120073666
20250921-205356,no_numeric,HDP2,53,u_mass,-19.695998288609445
20250921-205356,no_numeric,HDP2,54,u_mass,-20.005573931058763
20250921-205356,no_numeric,HDP2,55,u_mass,-20.33642402775659
20250921-205356,no_numeric,HDP2,56,u_mass,-18.443811903201052
20250921-205356,no_numeric,HDP2,57,u_mass,-18.50708372717506
20250921-205356,no_numeric,HDP2,58,u_mass,-16.689883680514274
20250921-205356,no_numeric,HDP2,59,u_mass,-19.63372750956247
20250921-205356,no_numeric,HDP2,60,u_mass,-19.69846118892827
20250921-205356,no_numeric,HDP2,61,u_mass,-19.2108635191224
20250921-205356,no_numeric,HDP2,62,u_mass,-17.866818647273593
20250921-205356,no_numeric,HDP2,63,u_mass,-20.33571246616281
20250921-205356,no_numeric,HDP2,64,u_mass,-16.553793667005785
20250921-205356,no_numeric,HDP2,65,u_mass,-19.355371072213266
20250921-205356,no_numeric,HDP2,66,u_mass,-15.091924705390477
20250921-205356,no_numeric,HDP2,67,u_mass,-18.202672796579133
20250921-205356,no_numeric,HDP2,68,u_mass,-15.900807433897214
20250921-205356,no_numeric,HDP2,69,u_mass,-17.834157489534892
20250921-205356,no_numeric,HDP2,70,u_mass,-16.805071030851728
20250921-205356,no_numeric,HDP2,71,u_mass,-20.51530281799761
20250921-205356,no_numeric,HDP2,72,u_mass,-17.644041109603943
20250921-205356,no_numeric,HDP2,73,u_mass,-20.00890084117126
20250921-205356,no_numeric,HDP2,74,u_mass,-20.27845588728143
20250921-205356,no_numeric,HDP2,75,u_mass,-16.77043938108691
20250921-205356,no_numeric,HDP2,76,u_mass,-19.27931614845728
20250921-205356,no_numeric,HDP2,77,u_mass,-18.20053223937363
20250921-205356,no_numeric,HDP2,78,u_mass,-20.593462081149866
20250921-205356,no_numeric,HDP2,79,u_mass,-20.80713834952311
20250921-205356,no_numeric,HDP2,80,u_mass,-19.639187265515393
20250921-205356,no_numeric,HDP2,81,u_mass,-19.670739044572464
20250921-205356,no_numeric,HDP2,82,u_mass,-20.56073404019205
20250921-205356,no_numeric,HDP2,83,u_mass,-16.898766474972714
20250921-205356,no_numeric,HDP2,84,u_mass,-18.34313594943312
20250921-205356,no_numeric,HDP2,85,u_mass,-19.184429877549753
20250921-205356,no_numeric,HDP2,86,u_mass,-17.20996713125828
20250921-205356,no_numeric,HDP2,87,u_mass,-17.69305513083252
20250921-205356,no_numeric,HDP2,88,u_mass,-20.548263323144333
20250921-205356,no_numeric,HDP2,89,u_mass,-16.79226271838372
20250921-205356,no_numeric,HDP2,90,u_mass,-19.610091127191254
20250921-205356,no_numeric,HDP2,91,u_mass,-18.93325862219735
20250921-205356,no_numeric,HDP2,92,u_mass,-15.71596951729494
20250921-205356,no_numeric,HDP2,93,u_mass,-19.540770904934675
20250921-205356,no_numeric,HDP2,94,u_mass,-19.839139481535618
20250921-205356,no_numeric,HDP2,95,u_mass,-21.031543719355412
20250921-205356,no_numeric,HDP2,96,u_mass,-17.796663993861504
20250921-205356,no_numeric,HDP2,97,u_mass,-18.787549985779673
20250921-205356,no_numeric,HDP2,98,u_mass,-15.597782995054326
20250921-205356,no_numeric,HDP2,99,u_mass,-15.626431489399671
20250921-205356,no_numeric,HDP2,0,c_npmi,-0.4325282848623812
20250921-205356,no_numeric,HDP2,1,c_npmi,-0.3610321813093151
20250921-205356,no_numeric,HDP2,2,c_npmi,-0.41313860940910874
20250921-205356,no_numeric,HDP2,3,c_npmi,-0.38071068175360084
20250921-205356,no_numeric,HDP2,4,c_npmi,-0.43389719855175907
20250921-205356,no_numeric,HDP2,5,c_npmi,-0.4363367567582664
20250921-205356,no_numeric,HDP2,6,c_npmi,-0.40732872994318786
20250921-205356,no_numeric,HDP2,7,c_npmi,-0.4358189567168326
20250921-205356,no_numeric,HDP2,8,c_npmi,-0.42925587715851815
20250921-205356,no_numeric,HDP2,9,c_npmi,-0.3626259152656001
20250921-205356,no_numeric,HDP2,10,c_npmi,-0.422850883915183
20250921-205356,no_numeric,HDP2,11,c_npmi,-0.4316935264105718
20250921-205356,no_numeric,HDP2,12,c_npmi,-0.43699529877521326
20250921-205356,no_numeric,HDP2,13,c_npmi,-0.4186112760390127
20250921-205356,no_numeric,HDP2,14,c_npmi,-0.4418562888273633
20250921-205356,no_numeric,HDP2,15,c_npmi,-0.44343736890213564
20250921-205356,no_numeric,HDP2,16,c_npmi,-0.43247229262541453
20250921-205356,no_numeric,HDP2,17,c_npmi,-0.41013819633781035
20250921-205356,no_numeric,HDP2,18,c_npmi,-0.4069536300500316
20250921-205356,no_numeric,HDP2,19,c_npmi,-0.4216429546652625
20250921-205356,no_numeric,HDP2,20,c_npmi,-0.4260888994322195
20250921-205356,no_numeric,HDP2,21,c_npmi,-0.4383614871702566
20250921-205356,no_numeric,HDP2,22,c_npmi,-0.4215552033375997
20250921-205356,no_numeric,HDP2,23,c_npmi,-0.42261539819203625
20250921-205356,no_numeric,HDP2,24,c_npmi,-0.4076399265835495
20250921-205356,no_numeric,HDP2,25,c_npmi,-0.4069738350991453
20250921-205356,no_numeric,HDP2,26,c_npmi,-0.4416444886463755
20250921-205356,no_numeric,HDP2,27,c_npmi,-0.42980067511432024
20250921-205356,no_numeric,HDP2,28,c_npmi,-0.44317044972219893
20250921-205356,no_numeric,HDP2,29,c_npmi,-0.4384593602478712
20250921-205356,no_numeric,HDP2,30,c_npmi,-0.38444692380936657
20250921-205356,no_numeric,HDP2,31,c_npmi,-0.42917060144155617
20250921-205356,no_numeric,HDP2,32,c_npmi,-0.41613131845979273
20250921-205356,no_numeric,HDP2,33,c_npmi,-0.42496436683403
20250921-205356,no_numeric,HDP2,34,c_npmi,-0.4243925479744438
20250921-205356,no_numeric,HDP2,35,c_npmi,-0.44033570339251393
20250921-205356,no_numeric,HDP2,36,c_npmi,-0.4318996965456083
20250921-205356,no_numeric,HDP2,37,c_npmi,-0.4344329272033514
20250921-205356,no_numeric,HDP2,38,c_npmi,-0.4247935557946987
20250921-205356,no_numeric,HDP2,39,c_npmi,-0.4141613150317246
20250921-205356,no_numeric,HDP2,40,c_npmi,-0.4380647843505977
20250921-205356,no_numeric,HDP2,41,c_npmi,-0.42364894316697216
20250921-205356,no_numeric,HDP2,42,c_npmi,-0.44902301216303525
20250921-205356,no_numeric,HDP2,43,c_npmi,-0.4288275590591239
20250921-205356,no_numeric,HDP2,44,c_npmi,-0.41923363517080137
20250921-205356,no_numeric,HDP2,45,c_npmi,-0.43417764852994856
20250921-205356,no_numeric,HDP2,46,c_npmi,-0.4269317581854528
20250921-205356,no_numeric,HDP2,47,c_npmi,-0.44126907928582454
20250921-205356,no_numeric,HDP2,48,c_npmi,-0.41577358972614636
20250921-205356,no_numeric,HDP2,49,c_npmi,-0.41905311601901607
20250921-205356,no_numeric,HDP2,50,c_npmi,-0.39542239946596314
20250921-205356,no_numeric,HDP2,51,c_npmi,-0.4342290656450313
20250921-205356,no_numeric,HDP2,52,c_npmi,-0.39812071575877084
20250921-205356,no_numeric,HDP2,53,c_npmi,-0.4476988937118615
20250921-205356,no_numeric,HDP2,54,c_npmi,-0.4280648344085358
20250921-205356,no_numeric,HDP2,55,c_npmi,-0.4211845160212038
20250921-205356,no_numeric,HDP2,56,c_npmi,-0.4080657407958736
20250921-205356,no_numeric,HDP2,57,c_npmi,-0.42870777596291004
20250921-205356,no_numeric,HDP2,58,c_npmi,-0.42027432159164074
20250921-205356,no_numeric,HDP2,59,c_npmi,-0.4322284492976236
20250921-205356,no_numeric,HDP2,60,c_npmi,-0.42237504151415506
20250921-205356,no_numeric,HDP2,61,c_npmi,-0.44801299008764534
20250921-205356,no_numeric,HDP2,62,c_npmi,-0.44810207778439093
20250921-205356,no_numeric,HDP2,63,c_npmi,-0.4356403348544357
20250921-205356,no_numeric,HDP2,64,c_npmi,-0.39665130683753225
20250921-205356,no_numeric,HDP2,65,c_npmi,-0.4340264943268292
20250921-205356,no_numeric,HDP2,66,c_npmi,-0.4280926139690341
20250921-205356,no_numeric,HDP2,67,c_npmi,-0.4252135238266548
20250921-205356,no_numeric,HDP2,68,c_npmi,-0.4433786117170173
20250921-205356,no_numeric,HDP2,69,c_npmi,-0.429507819945566
20250921-205356,no_numeric,HDP2,70,c_npmi,-0.39596253292035727
20250921-205356,no_numeric,HDP2,71,c_npmi,-0.4071846868734258
20250921-205356,no_numeric,HDP2,72,c_npmi,-0.4032372155506805
20250921-205356,no_numeric,HDP2,73,c_npmi,-0.40633579825504096
20250921-205356,no_numeric,HDP2,74,c_npmi,-0.4173518267116378
20250921-205356,no_numeric,HDP2,75,c_npmi,-0.4118978890619908
20250921-205356,no_numeric,HDP2,76,c_npmi,-0.44252605114590843
20250921-205356,no_numeric,HDP2,77,c_npmi,-0.4254663488738716
20250921-205356,no_numeric,HDP2,78,c_npmi,-0.4285119545754143
20250921-205356,no_numeric,HDP2,79,c_npmi,-0.4113522570271492
20250921-205356,no_numeric,HDP2,80,c_npmi,-0.4284928549520744
20250921-205356,no_numeric,HDP2,81,c_npmi,-0.44134727085253683
20250921-205356,no_numeric,HDP2,82,c_npmi,-0.4290461471928977
20250921-205356,no_numeric,HDP2,83,c_npmi,-0.424480964015068
20250921-205356,no_numeric,HDP2,84,c_npmi,-0.42191005405263277
20250921-205356,no_numeric,HDP2,85,c_npmi,-0.4416724439858224
20250921-205356,no_numeric,HDP2,86,c_npmi,-0.4279488019607518
20250921-205356,no_numeric,HDP2,87,c_npmi,-0.43872234436007185
20250921-205356,no_numeric,HDP2,88,c_npmi,-0.4055623575928087
20250921-205356,no_numeric,HDP2,89,c_npmi,-0.4194381868830642
20250921-205356,no_numeric,HDP2,90,c_npmi,-0.4261904254473597
20250921-205356,no_numeric,HDP2,91,c_npmi,-0.4360135735321891
20250921-205356,no_numeric,HDP2,92,c_npmi,-0.41791209493850795
20250921-205356,no_numeric,HDP2,93,c_npmi,-0.44701212135103746
20250921-205356,no_numeric,HDP2,94,c_npmi,-0.42605733405696017
20250921-205356,no_numeric,HDP2,95,c_npmi,-0.42108231502192
20250921-205356,no_numeric,HDP2,96,c_npmi,-0.406091919911453
20250921-205356,no_numeric,HDP2,97,c_npmi,-0.42795892619490994
20250921-205356,no_numeric,HDP2,98,c_npmi,-0.39676571262383775
20250921-205356,no_numeric,HDP2,99,c_npmi,-0.37837390400547405
20250921-205356,no_numeric,HDP2,0,c_uci,-12.045141698378503
20250921-205356,no_numeric,HDP2,1,c_uci,-10.169818550723338
20250921-205356,no_numeric,HDP2,2,c_uci,-11.650242924721251
20250921-205356,no_numeric,HDP2,3,c_uci,-10.672551712396562
20250921-205356,no_numeric,HDP2,4,c_uci,-12.131610065440464
20250921-205356,no_numeric,HDP2,5,c_uci,-12.137242037235653
20250921-205356,no_numeric,HDP2,6,c_uci,-11.462900650349287
20250921-205356,no_numeric,HDP2,7,c_uci,-12.134442518487337
20250921-205356,no_numeric,HDP2,8,c_uci,-11.888987183777887
20250921-205356,no_numeric,HDP2,9,c_uci,-10.285863452120468
20250921-205356,no_numeric,HDP2,10,c_uci,-11.737784795700682
20250921-205356,no_numeric,HDP2,11,c_uci,-12.053395099357807
20250921-205356,no_numeric,HDP2,12,c_uci,-12.19538688689055
20250921-205356,no_numeric,HDP2,13,c_uci,-11.753592470283305
20250921-205356,no_numeric,HDP2,14,c_uci,-12.2089404467947
20250921-205356,no_numeric,HDP2,15,c_uci,-12.320988382778328
20250921-205356,no_numeric,HDP2,16,c_uci,-12.083477343599169
20250921-205356,no_numeric,HDP2,17,c_uci,-11.54306561601032
20250921-205356,no_numeric,HDP2,18,c_uci,-11.51349382778827
20250921-205356,no_numeric,HDP2,19,c_uci,-11.803711731345754
20250921-205356,no_numeric,HDP2,20,c_uci,-11.993640233014931
20250921-205356,no_numeric,HDP2,21,c_uci,-12.227627943137763
20250921-205356,no_numeric,HDP2,22,c_uci,-11.810812130390179
20250921-205356,no_numeric,HDP2,23,c_uci,-11.813556876982569
20250921-205356,no_numeric,HDP2,24,c_uci,-11.399054937714348
20250921-205356,no_numeric,HDP2,25,c_uci,-11.469309542044597
20250921-205356,no_numeric,HDP2,26,c_uci,-12.350754973394679
20250921-205356,no_numeric,HDP2,27,c_uci,-11.957594544093652
20250921-205356,no_numeric,HDP2,28,c_uci,-12.316414750242853
20250921-205356,no_numeric,HDP2,29,c_uci,-12.175478827639024
20250921-205356,no_numeric,HDP2,30,c_uci,-10.989277826472735
20250921-205356,no_numeric,HDP2,31,c_uci,-11.880729117083039
20250921-205356,no_numeric,HDP2,32,c_uci,-11.585499802155
20250921-205356,no_numeric,HDP2,33,c_uci,-11.897164267449007
20250921-205356,no_numeric,HDP2,34,c_uci,-11.761267188479067
20250921-205356,no_numeric,HDP2,35,c_uci,-12.225992744866772
20250921-205356,no_numeric,HDP2,36,c_uci,-12.06268639227397
20250921-205356,no_numeric,HDP2,37,c_uci,-12.143718974581555
20250921-205356,no_numeric,HDP2,38,c_uci,-11.865326444821745
20250921-205356,no_numeric,HDP2,39,c_uci,-11.494436628462077
20250921-205356,no_numeric,HDP2,40,c_uci,-12.259897232125793
20250921-205356,no_numeric,HDP2,41,c_uci,-11.857580798712005
20250921-205356,no_numeric,HDP2,42,c_uci,-12.445638708051678
20250921-205356,no_numeric,HDP2,43,c_uci,-11.92322349604886
20250921-205356,no_numeric,HDP2,44,c_uci,-11.815233490178407
20250921-205356,no_numeric,HDP2,45,c_uci,-12.111153590972505
20250921-205356,no_numeric,HDP2,46,c_uci,-11.888417694051402
20250921-205356,no_numeric,HDP2,47,c_uci,-12.257226223815941
20250921-205356,no_numeric,HDP2,48,c_uci,-11.722038598941607
20250921-205356,no_numeric,HDP2,49,c_uci,-11.578865497417087
20250921-205356,no_numeric,HDP2,50,c_uci,-11.254113368714393
20250921-205356,no_numeric,HDP2,51,c_uci,-12.033206370524423
20250921-205356,no_numeric,HDP2,52,c_uci,-11.043181644635947
20250921-205356,no_numeric,HDP2,53,c_uci,-12.399102834752801
20250921-205356,no_numeric,HDP2,54,c_uci,-11.99839515372521
20250921-205356,no_numeric,HDP2,55,c_uci,-11.738321047440781
20250921-205356,no_numeric,HDP2,56,c_uci,-11.416654746787303
20250921-205356,no_numeric,HDP2,57,c_uci,-11.996489901797034
20250921-205356,no_numeric,HDP2,58,c_uci,-11.688157392367904
20250921-205356,no_numeric,HDP2,59,c_uci,-11.999459458675645
20250921-205356,no_numeric,HDP2,60,c_uci,-11.82146627110067
20250921-205356,no_numeric,HDP2,61,c_uci,-12.483065777581329
20250921-205356,no_numeric,HDP2,62,c_uci,-12.531273219389911
20250921-205356,no_numeric,HDP2,63,c_uci,-12.094895383913203
20250921-205356,no_numeric,HDP2,64,c_uci,-11.125476967214713
20250921-205356,no_numeric,HDP2,65,c_uci,-12.096344066474666
20250921-205356,no_numeric,HDP2,66,c_uci,-12.013501327523755
20250921-205356,no_numeric,HDP2,67,c_uci,-11.947153478972325
20250921-205356,no_numeric,HDP2,68,c_uci,-12.44751314440797
20250921-205356,no_numeric,HDP2,69,c_uci,-11.9329931159347
20250921-205356,no_numeric,HDP2,70,c_uci,-11.077889604708174
20250921-205356,no_numeric,HDP2,71,c_uci,-11.284361131397514
20250921-205356,no_numeric,HDP2,72,c_uci,-11.362211719148812
20250921-205356,no_numeric,HDP2,73,c_uci,-11.41288926615209
20250921-205356,no_numeric,HDP2,74,c_uci,-11.628361013587954
20250921-205356,no_numeric,HDP2,75,c_uci,-11.532052687579222
20250921-205356,no_numeric,HDP2,76,c_uci,-12.286401047719105
20250921-205356,no_numeric,HDP2,77,c_uci,-11.859936308655927
20250921-205356,no_numeric,HDP2,78,c_uci,-11.950747794548073
20250921-205356,no_numeric,HDP2,79,c_uci,-11.421917721940243
20250921-205356,no_numeric,HDP2,80,c_uci,-11.92129076075134
20250921-205356,no_numeric,HDP2,81,c_uci,-12.276977060338146
20250921-205356,no_numeric,HDP2,82,c_uci,-11.939077485643098
20250921-205356,no_numeric,HDP2,83,c_uci,-11.864440608101521
20250921-205356,no_numeric,HDP2,84,c_uci,-11.80503551722699
20250921-205356,no_numeric,HDP2,85,c_uci,-12.33563147797019
20250921-205356,no_numeric,HDP2,86,c_uci,-12.063152610647235
20250921-205356,no_numeric,HDP2,87,c_uci,-12.182814360649402
20250921-205356,no_numeric,HDP2,88,c_uci,-11.307024083177241
20250921-205356,no_numeric,HDP2,89,c_uci,-11.636686751364428
20250921-205356,no_numeric,HDP2,90,c_uci,-11.819095693606103
20250921-205356,no_numeric,HDP2,91,c_uci,-12.086681368679606
20250921-205356,no_numeric,HDP2,92,c_uci,-11.588065354482273
20250921-205356,no_numeric,HDP2,93,c_uci,-12.38515706878032
20250921-205356,no_numeric,HDP2,94,c_uci,-11.907524070828238
20250921-205356,no_numeric,HDP2,95,c_uci,-11.724429995103304
20250921-205356,no_numeric,HDP2,96,c_uci,-11.520693758501334
20250921-205356,no_numeric,HDP2,97,c_uci,-11.84665592370201
20250921-205356,no_numeric,HDP2,98,c_uci,-11.121979773029278
20250921-205356,no_numeric,HDP2,99,c_uci,-10.681545569091996
20250921-205356,no_stopwords,LDA,0,c_v,0.6264079001644874
20250921-205356,no_stopwords,LDA,1,c_v,0.7698247860720213
20250921-205356,no_stopwords,LDA,2,c_v,0.3622664001687365
20250921-205356,no_stopwords,LDA,3,c_v,0.4924825149843726
20250921-205356,no_stopwords,LDA,4,c_v,0.3427678952709776
20250921-205356,no_stopwords,LDA,5,c_v,0.21348443972377873
20250921-205356,no_stopwords,LDA,6,c_v,0.6496801987050895
20250921-205356,no_stopwords,LDA,7,c_v,0.3521441853266694
20250921-205356,no_stopwords,LDA,8,c_v,0.5684816864198025
20250921-205356,no_stopwords,LDA,9,c_v,0.35077174109963105
20250921-205356,no_stopwords,LDA,10,c_v,0.3583821526872606
20250921-205356,no_stopwords,LDA,11,c_v,0.3186722591575069
20250921-205356,no_stopwords,LDA,12,c_v,0.6170745989449083
20250921-205356,no_stopwords,LDA,13,c_v,0.5843179182658061
20250921-205356,no_stopwords,LDA,14,c_v,0.503652063951731
20250921-205356,no_stopwords,LDA,15,c_v,0.6950798886704695
20250921-205356,no_stopwords,LDA,16,c_v,0.6310128669150434
20250921-205356,no_stopwords,LDA,17,c_v,0.4000381946765702
20250921-205356,no_stopwords,LDA,18,c_v,0.4004342005474598
20250921-205356,no_stopwords,LDA,19,c_v,0.33544683239898276
20250921-205356,no_stopwords,LDA,20,c_v,0.27927780570295585
20250921-205356,no_stopwords,LDA,21,c_v,0.38818831386366753
20250921-205356,no_stopwords,LDA,22,c_v,0.7141565127603308
20250921-205356,no_stopwords,LDA,23,c_v,0.4462422350018921
20250921-205356,no_stopwords,LDA,24,c_v,0.2874126558214224
20250921-205356,no_stopwords,LDA,0,u_mass,-2.3264518754677175
20250921-205356,no_stopwords,LDA,1,u_mass,-2.4424449565020048
20250921-205356,no_stopwords,LDA,2,u_mass,-3.1240197873684097
20250921-205356,no_stopwords,LDA,3,u_mass,-2.616842378469426
20250921-205356,no_stopwords,LDA,4,u_mass,-6.220938375297244
20250921-205356,no_stopwords,LDA,5,u_mass,-5.725721042728031
20250921-205356,no_stopwords,LDA,6,u_mass,-1.9661748003610706
20250921-205356,no_stopwords,LDA,7,u_mass,-3.2573645520826426
20250921-205356,no_stopwords,LDA,8,u_mass,-2.87824827590333
20250921-205356,no_stopwords,LDA,9,u_mass,-3.144894394068523
20250921-205356,no_stopwords,LDA,10,u_mass,-4.886078451192019
20250921-205356,no_stopwords,LDA,11,u_mass,-7.091819691403512
20250921-205356,no_stopwords,LDA,12,u_mass,-2.653524532865059
20250921-205356,no_stopwords,LDA,13,u_mass,-3.4927987603161457
20250921-205356,no_stopwords,LDA,14,u_mass,-2.768733696034639
20250921-205356,no_stopwords,LDA,15,u_mass,-3.773356610706423
20250921-205356,no_stopwords,LDA,16,u_mass,-2.535647157551527
20250921-205356,no_stopwords,LDA,17,u_mass,-3.6774506396052837
20250921-205356,no_stopwords,LDA,18,u_mass,-4.263935548315782
20250921-205356,no_stopwords,LDA,19,u_mass,-7.381305646236548
20250921-205356,no_stopwords,LDA,20,u_mass,-4.199896300437471
20250921-205356,no_stopwords,LDA,21,u_mass,-6.690060984977761
20250921-205356,no_stopwords,LDA,22,u_mass,-2.391725869059227
20250921-205356,no_stopwords,LDA,23,u_mass,-2.6741381432511657
20250921-205356,no_stopwords,LDA,24,u_mass,-5.386009235860775
20250921-205356,no_stopwords,LDA,0,c_npmi,0.08284759127469031
20250921-205356,no_stopwords,LDA,1,c_npmi,0.07648098444684101
20250921-205356,no_stopwords,LDA,2,c_npmi,-0.12623546461253604
20250921-205356,no_stopwords,LDA,3,c_npmi,0.02181702645218848
20250921-205356,no_stopwords,LDA,4,c_npmi,-0.10843848331938405
20250921-205356,no_stopwords,LDA,5,c_npmi,-0.14491381301319364
20250921-205356,no_stopwords,LDA,6,c_npmi,0.09130725506400665
20250921-205356,no_stopwords,LDA,7,c_npmi,-0.038760871658313184
20250921-205356,no_stopwords,LDA,8,c_npmi,-0.006595338928040155
20250921-205356,no_stopwords,LDA,9,c_npmi,0.04411018192121486
20250921-205356,no_stopwords,LDA,10,c_npmi,-0.06156759588682017
20250921-205356,no_stopwords,LDA,11,c_npmi,-0.21613423286484507
20250921-205356,no_stopwords,LDA,12,c_npmi,0.08399705297645924
20250921-205356,no_stopwords,LDA,13,c_npmi,0.03906253573324126
20250921-205356,no_stopwords,LDA,14,c_npmi,0.02736246118789084
20250921-205356,no_stopwords,LDA,15,c_npmi,0.03597542690046078
20250921-205356,no_stopwords,LDA,16,c_npmi,0.03313822755250473
20250921-205356,no_stopwords,LDA,17,c_npmi,-0.02598090813147041
20250921-205356,no_stopwords,LDA,18,c_npmi,-0.08866645563926742
20250921-205356,no_stopwords,LDA,19,c_npmi,-0.20120425595739083
20250921-205356,no_stopwords,LDA,20,c_npmi,-0.07582361060618065
20250921-205356,no_stopwords,LDA,21,c_npmi,-0.14423479998752864
20250921-205356,no_stopwords,LDA,22,c_npmi,0.04991309952483342
20250921-205356,no_stopwords,LDA,23,c_npmi,-0.02830075399306923
20250921-205356,no_stopwords,LDA,24,c_npmi,-0.14545231887283247
20250921-205356,no_stopwords,LDA,0,c_uci,0.14351054163374571
20250921-205356,no_stopwords,LDA,1,c_uci,-0.8539772801442892
20250921-205356,no_stopwords,LDA,2,c_uci,-4.05354400950358
20250921-205356,no_stopwords,LDA,3,c_uci,-0.9136083593893607
20250921-205356,no_stopwords,LDA,4,c_uci,-4.276133828025221
20250921-205356,no_stopwords,LDA,5,c_uci,-5.150386121564435
20250921-205356,no_stopwords,LDA,6,c_uci,0.29953403557266695
20250921-205356,no_stopwords,LDA,7,c_uci,-1.7542319278754845
20250921-205356,no_stopwords,LDA,8,c_uci,-2.090040828558793
20250921-205356,no_stopwords,LDA,9,c_uci,-0.4179792694701009
20250921-205356,no_stopwords,LDA,10,c_uci,-2.3589475276278806
20250921-205356,no_stopwords,LDA,11,c_uci,-6.545142589229221
20250921-205356,no_stopwords,LDA,12,c_uci,0.03065015161385726
20250921-205356,no_stopwords,LDA,13,c_uci,-1.8087490957899541
20250921-205356,no_stopwords,LDA,14,c_uci,-0.877535371915931
20250921-205356,no_stopwords,LDA,15,c_uci,-1.5826223667175061
20250921-205356,no_stopwords,LDA,16,c_uci,-0.9084270477040812
20250921-205356,no_stopwords,LDA,17,c_uci,-2.1275123407498593
20250921-205356,no_stopwords,LDA,18,c_uci,-3.4848279849657304
20250921-205356,no_stopwords,LDA,19,c_uci,-6.485936593574444
20250921-205356,no_stopwords,LDA,20,c_uci,-2.8567456799286424
20250921-205356,no_stopwords,LDA,21,c_uci,-5.324357522347955
20250921-205356,no_stopwords,LDA,22,c_uci,-0.708410684982933
20250921-205356,no_stopwords,LDA,23,c_uci,-1.8986353823690962
20250921-205356,no_stopwords,LDA,24,c_uci,-4.893684066013616
20250921-205356,no_stopwords,HDP1,0,c_v,0.6652929866150877
20250921-205356,no_stopwords,HDP1,1,c_v,0.7055697726728047
20250921-205356,no_stopwords,HDP1,2,c_v,0.7063002402050735
20250921-205356,no_stopwords,HDP1,3,c_v,0.6849238519694792
20250921-205356,no_stopwords,HDP1,4,c_v,0.6106048526573801
20250921-205356,no_stopwords,HDP1,5,c_v,0.7239607822608255
20250921-205356,no_stopwords,HDP1,6,c_v,0.7263851476355979
20250921-205356,no_stopwords,HDP1,7,c_v,0.7133412429466095
20250921-205356,no_stopwords,HDP1,8,c_v,0.6929550808576217
20250921-205356,no_stopwords,HDP1,9,c_v,0.7007525926076618
20250921-205356,no_stopwords,HDP1,10,c_v,0.7662734261485965
20250921-205356,no_stopwords,HDP1,11,c_v,0.7352307668736865
20250921-205356,no_stopwords,HDP1,12,c_v,0.7304780379830422
20250921-205356,no_stopwords,HDP1,13,c_v,0.7362906956209245
20250921-205356,no_stopwords,HDP1,14,c_v,0.7332204448222631
20250921-205356,no_stopwords,HDP1,15,c_v,0.7228485865125756
20250921-205356,no_stopwords,HDP1,16,c_v,0.7065531762956437
20250921-205356,no_stopwords,HDP1,17,c_v,0.7325770006409384
20250921-205356,no_stopwords,HDP1,18,c_v,0.7471556100510801
20250921-205356,no_stopwords,HDP1,19,c_v,0.7217582607791974
20250921-205356,no_stopwords,HDP1,20,c_v,0.7369682417716981
20250921-205356,no_stopwords,HDP1,21,c_v,0.689670213894267
20250921-205356,no_stopwords,HDP1,22,c_v,0.7273558819618564
20250921-205356,no_stopwords,HDP1,23,c_v,0.6981068013254227
20250921-205356,no_stopwords,HDP1,24,c_v,0.6886186879258798
20250921-205356,no_stopwords,HDP1,0,u_mass,-18.631788996294556
20250921-205356,no_stopwords,HDP1,1,u_mass,-18.981887896886263
20250921-205356,no_stopwords,HDP1,2,u_mass,-18.532989128531565
20250921-205356,no_stopwords,HDP1,3,u_mass,-18.942297347354142
20250921-205356,no_stopwords,HDP1,4,u_mass,-15.758215875446874
20250921-205356,no_stopwords,HDP1,5,u_mass,-19.22095255278932
20250921-205356,no_stopwords,HDP1,6,u_mass,-19.888004040491996
20250921-205356,no_stopwords,HDP1,7,u_mass,-19.036802491337177
20250921-205356,no_stopwords,HDP1,8,u_mass,-18.472656631356617
20250921-205356,no_stopwords,HDP1,9,u_mass,-18.788211812004857
20250921-205356,no_stopwords,HDP1,10,u_mass,-19.57234507186521
20250921-205356,no_stopwords,HDP1,11,u_mass,-19.696221512491086
20250921-205356,no_stopwords,HDP1,12,u_mass,-19.801351671816867
20250921-205356,no_stopwords,HDP1,13,u_mass,-19.369309448308083
20250921-205356,no_stopwords,HDP1,14,u_mass,-20.06389213187661
20250921-205356,no_stopwords,HDP1,15,u_mass,-19.933554196825032
20250921-205356,no_stopwords,HDP1,16,u_mass,-18.450898945283587
20250921-205356,no_stopwords,HDP1,17,u_mass,-18.837697501936553
20250921-205356,no_stopwords,HDP1,18,u_mass,-19.563792598496697
20250921-205356,no_stopwords,HDP1,19,u_mass,-19.390531808221063
20250921-205356,no_stopwords,HDP1,20,u_mass,-19.794762320208765
20250921-205356,no_stopwords,HDP1,21,u_mass,-18.6956074105261
20250921-205356,no_stopwords,HDP1,22,u_mass,-18.613884854322844
20250921-205356,no_stopwords,HDP1,23,u_mass,-18.729469417824323
20250921-205356,no_stopwords,HDP1,24,u_mass,-18.208043294989114
20250921-205356,no_stopwords,HDP1,0,c_npmi,-0.47511563987516137
20250921-205356,no_stopwords,HDP1,1,c_npmi,-0.4536627164243903
20250921-205356,no_stopwords,HDP1,2,c_npmi,-0.4521623936403885
20250921-205356,no_stopwords,HDP1,3,c_npmi,-0.43490292014770643
20250921-205356,no_stopwords,HDP1,4,c_npmi,-0.42464621662565694
20250921-205356,no_stopwords,HDP1,5,c_npmi,-0.4591838573737071
20250921-205356,no_stopwords,HDP1,6,c_npmi,-0.4540226412470563
20250921-205356,no_stopwords,HDP1,7,c_npmi,-0.4626018002410424
20250921-205356,no_stopwords,HDP1,8,c_npmi,-0.4593213429933651
20250921-205356,no_stopwords,HDP1,9,c_npmi,-0.456301570359325
20250921-205356,no_stopwords,HDP1,10,c_npmi,-0.443146029211575
20250921-205356,no_stopwords,HDP1,11,c_npmi,-0.4525831904900029
20250921-205356,no_stopwords,HDP1,12,c_npmi,-0.4369566838056445
20250921-205356,no_stopwords,HDP1,13,c_npmi,-0.43776230421424317
20250921-205356,no_stopwords,HDP1,14,c_npmi,-0.44747113957025125
20250921-205356,no_stopwords,HDP1,15,c_npmi,-0.4670784569559161
20250921-205356,no_stopwords,HDP1,16,c_npmi,-0.452035252665142
20250921-205356,no_stopwords,HDP1,17,c_npmi,-0.4645866221263187
20250921-205356,no_stopwords,HDP1,18,c_npmi,-0.4582818944465396
20250921-205356,no_stopwords,HDP1,19,c_npmi,-0.4725891022979456
20250921-205356,no_stopwords,HDP1,20,c_npmi,-0.47286994958169665
20250921-205356,no_stopwords,HDP1,21,c_npmi,-0.44852904026000034
20250921-205356,no_stopwords,HDP1,22,c_npmi,-0.4697535094128216
20250921-205356,no_stopwords,HDP1,23,c_npmi,-0.4587564701858484
20250921-205356,no_stopwords,HDP1,24,c_npmi,-0.41187368175594463
20250921-205356,no_stopwords,HDP1,0,c_uci,-13.15723142142727
20250921-205356,no_stopwords,HDP1,1,c_uci,-12.718880165909408
20250921-205356,no_stopwords,HDP1,2,c_uci,-12.675559317824307
20250921-205356,no_stopwords,HDP1,3,c_uci,-12.287560110186927
20250921-205356,no_stopwords,HDP1,4,c_uci,-11.954127909127749
20250921-205356,no_stopwords,HDP1,5,c_uci,-12.787864843444142
20250921-205356,no_stopwords,HDP1,6,c_uci,-12.763917574826179
20250921-205356,no_stopwords,HDP1,7,c_uci,-12.846568920502538
20250921-205356,no_stopwords,HDP1,8,c_uci,-12.864825551308506
20250921-205356,no_stopwords,HDP1,9,c_uci,-12.735058051265497
20250921-205356,no_stopwords,HDP1,10,c_uci,-12.311533093512457
20250921-205356,no_stopwords,HDP1,11,c_uci,-12.666588843397504
20250921-205356,no_stopwords,HDP1,12,c_uci,-12.290017775172373
20250921-205356,no_stopwords,HDP1,13,c_uci,-12.191648607186758
20250921-205356,no_stopwords,HDP1,14,c_uci,-12.498238137741
20250921-205356,no_stopwords,HDP1,15,c_uci,-13.113017410667377
20250921-205356,no_stopwords,HDP1,16,c_uci,-12.659082617667337
20250921-205356,no_stopwords,HDP1,17,c_uci,-12.976278301406728
20250921-205356,no_stopwords,HDP1,18,c_uci,-12.750926985087414
20250921-205356,no_stopwords,HDP1,19,c_uci,-13.177466085024037
20250921-205356,no_stopwords,HDP1,20,c_uci,-13.139710774471055
20250921-205356,no_stopwords,HDP1,21,c_uci,-12.640171157823605
20250921-205356,no_stopwords,HDP1,22,c_uci,-13.133788614921219
20250921-205356,no_stopwords,HDP1,23,c_uci,-12.863882271936463
20250921-205356,no_stopwords,HDP1,24,c_uci,-11.614006669350124
20250921-205356,no_stopwords,HDP2,0,c_v,0.76709465851831
20250921-205356,no_stopwords,HDP2,1,c_v,0.7853109320790868
20250921-205356,no_stopwords,HDP2,2,c_v,0.7128365438899334
20250921-205356,no_stopwords,HDP2,3,c_v,0.7147435558938675
20250921-205356,no_stopwords,HDP2,4,c_v,0.738153346878146
20250921-205356,no_stopwords,HDP2,5,c_v,0.7639233340826428
20250921-205356,no_stopwords,HDP2,6,c_v,0.6285011620409817
20250921-205356,no_stopwords,HDP2,7,c_v,0.6675558516829032
20250921-205356,no_stopwords,HDP2,8,c_v,0.7054869144180038
20250921-205356,no_stopwords,HDP2,9,c_v,0.762180286117437
20250921-205356,no_stopwords,HDP2,10,c_v,0.7314448454843423
20250921-205356,no_stopwords,HDP2,11,c_v,0.6810418955251815
20250921-205356,no_stopwords,HDP2,12,c_v,0.7753391875380597
20250921-205356,no_stopwords,HDP2,13,c_v,0.7550319415276007
20250921-205356,no_stopwords,HDP2,14,c_v,0.7306401925943246
20250921-205356,no_stopwords,HDP2,15,c_v,0.7456346641704343
20250921-205356,no_stopwords,HDP2,16,c_v,0.5989027743833762
20250921-205356,no_stopwords,HDP2,17,c_v,0.705094326461403
20250921-205356,no_stopwords,HDP2,18,c_v,0.7328362532481713
20250921-205356,no_stopwords,HDP2,19,c_v,0.7104616156491479
20250921-205356,no_stopwords,HDP2,20,c_v,0.6997747455734797
20250921-205356,no_stopwords,HDP2,21,c_v,0.7500928793341233
20250921-205356,no_stopwords,HDP2,22,c_v,0.6743442708814603
20250921-205356,no_stopwords,HDP2,23,c_v,0.7513138090900522
20250921-205356,no_stopwords,HDP2,24,c_v,0.6775536578599484
20250921-205356,no_stopwords,HDP2,25,c_v,0.702733368927548
20250921-205356,no_stopwords,HDP2,26,c_v,0.7641151576233413
20250921-205356,no_stopwords,HDP2,27,c_v,0.7349445789118058
20250921-205356,no_stopwords,HDP2,28,c_v,0.636219489379134
20250921-205356,no_stopwords,HDP2,29,c_v,0.653383829441749
20250921-205356,no_stopwords,HDP2,30,c_v,0.7225051760495724
20250921-205356,no_stopwords,HDP2,31,c_v,0.7360105390645365
20250921-205356,no_stopwords,HDP2,32,c_v,0.7674956460140798
20250921-205356,no_stopwords,HDP2,33,c_v,0.7815516613819313
20250921-205356,no_stopwords,HDP2,34,c_v,0.6486248658714173
20250921-205356,no_stopwords,HDP2,35,c_v,0.7536038634413409
20250921-205356,no_stopwords,HDP2,36,c_v,0.6444574296023877
20250921-205356,no_stopwords,HDP2,37,c_v,0.7427264104596003
20250921-205356,no_stopwords,HDP2,38,c_v,0.7186957072276831
20250921-205356,no_stopwords,HDP2,39,c_v,0.7693424141562051
20250921-205356,no_stopwords,HDP2,40,c_v,0.7397260206079748
20250921-205356,no_stopwords,HDP2,41,c_v,0.7992841653890965
20250921-205356,no_stopwords,HDP2,42,c_v,0.7528240244787548
20250921-205356,no_stopwords,HDP2,43,c_v,0.6876403990343161
20250921-205356,no_stopwords,HDP2,44,c_v,0.7980516020077587
20250921-205356,no_stopwords,HDP2,45,c_v,0.7666512487390043
20250921-205356,no_stopwords,HDP2,46,c_v,0.7296459959360567
20250921-205356,no_stopwords,HDP2,47,c_v,0.7239130662801798
20250921-205356,no_stopwords,HDP2,48,c_v,0.7102398442569046
20250921-205356,no_stopwords,HDP2,49,c_v,0.7493924278903684
20250921-205356,no_stopwords,HDP2,50,c_v,0.7553612336034694
20250921-205356,no_stopwords,HDP2,51,c_v,0.748094514718505
20250921-205356,no_stopwords,HDP2,52,c_v,0.7140413997558183
20250921-205356,no_stopwords,HDP2,53,c_v,0.6697310607885208
20250921-205356,no_stopwords,HDP2,54,c_v,0.6703557152409007
20250921-205356,no_stopwords,HDP2,55,c_v,0.7014537959398875
20250921-205356,no_stopwords,HDP2,56,c_v,0.7009251228713033
20250921-205356,no_stopwords,HDP2,57,c_v,0.7726732144777139
20250921-205356,no_stopwords,HDP2,58,c_v,0.712865156409723
20250921-205356,no_stopwords,HDP2,59,c_v,0.7299228495195391
20250921-205356,no_stopwords,HDP2,60,c_v,0.7525584079919808
20250921-205356,no_stopwords,HDP2,61,c_v,0.7568036945229568
20250921-205356,no_stopwords,HDP2,62,c_v,0.7611819029818837
20250921-205356,no_stopwords,HDP2,63,c_v,0.711554431367144
20250921-205356,no_stopwords,HDP2,64,c_v,0.7258011805833847
20250921-205356,no_stopwords,HDP2,65,c_v,0.7686768017732213
20250921-205356,no_stopwords,HDP2,66,c_v,0.7318595062742445
20250921-205356,no_stopwords,HDP2,67,c_v,0.709216112257476
20250921-205356,no_stopwords,HDP2,68,c_v,0.6683246233937075
20250921-205356,no_stopwords,HDP2,69,c_v,0.639134804793336
20250921-205356,no_stopwords,HDP2,70,c_v,0.7717840593897333
20250921-205356,no_stopwords,HDP2,71,c_v,0.6970441267509953
20250921-205356,no_stopwords,HDP2,72,c_v,0.7548081569329453
20250921-205356,no_stopwords,HDP2,73,c_v,0.6932845198544789
20250921-205356,no_stopwords,HDP2,74,c_v,0.6985528362813546
20250921-205356,no_stopwords,HDP2,75,c_v,0.7004103898482748
20250921-205356,no_stopwords,HDP2,76,c_v,0.7278169180163594
20250921-205356,no_stopwords,HDP2,77,c_v,0.7743349388452674
20250921-205356,no_stopwords,HDP2,78,c_v,0.7415477187180651
20250921-205356,no_stopwords,HDP2,79,c_v,0.7124006607350677
20250921-205356,no_stopwords,HDP2,80,c_v,0.7604576171867904
20250921-205356,no_stopwords,HDP2,81,c_v,0.7421520074936407
20250921-205356,no_stopwords,HDP2,82,c_v,0.7120435261983571
20250921-205356,no_stopwords,HDP2,83,c_v,0.7208295450464355
20250921-205356,no_stopwords,HDP2,84,c_v,0.7245389340206732
20250921-205356,no_stopwords,HDP2,85,c_v,0.7513099954600465
20250921-205356,no_stopwords,HDP2,86,c_v,0.7559604671156249
20250921-205356,no_stopwords,HDP2,87,c_v,0.7781367793417514
20250921-205356,no_stopwords,HDP2,88,c_v,0.7684224993980626
20250921-205356,no_stopwords,HDP2,89,c_v,0.7615384616687828
20250921-205356,no_stopwords,HDP2,90,c_v,0.7704731415636795
20250921-205356,no_stopwords,HDP2,91,c_v,0.7409549639659352
20250921-205356,no_stopwords,HDP2,92,c_v,0.6461481439095402
20250921-205356,no_stopwords,HDP2,93,c_v,0.6628704145807446
20250921-205356,no_stopwords,HDP2,94,c_v,0.7752850455357667
20250921-205356,no_stopwords,HDP2,95,c_v,0.7480418947968931
20250921-205356,no_stopwords,HDP2,96,c_v,0.7103544053212316
20250921-205356,no_stopwords,HDP2,97,c_v,0.7120982127702115
20250921-205356,no_stopwords,HDP2,98,c_v,0.6072547797053314
20250921-205356,no_stopwords,HDP2,99,c_v,0.7275614591645705
20250921-205356,no_stopwords,HDP2,0,u_mass,-20.14861910514376
20250921-205356,no_stopwords,HDP2,1,u_mass,-21.12576457132769
20250921-205356,no_stopwords,HDP2,2,u_mass,-19.93241143809022
20250921-205356,no_stopwords,HDP2,3,u_mass,-19.483276145271976
20250921-205356,no_stopwords,HDP2,4,u_mass,-19.63386177185107
20250921-205356,no_stopwords,HDP2,5,u_mass,-19.81008272227568
20250921-205356,no_stopwords,HDP2,6,u_mass,-15.289026255577022
20250921-205356,no_stopwords,HDP2,7,u_mass,-17.852071955005602
20250921-205356,no_stopwords,HDP2,8,u_mass,-18.726123065225064
20250921-205356,no_stopwords,HDP2,9,u_mass,-20.647867584412005
20250921-205356,no_stopwords,HDP2,10,u_mass,-20.13305903064995
20250921-205356,no_stopwords,HDP2,11,u_mass,-18.465939458165895
20250921-205356,no_stopwords,HDP2,12,u_mass,-20.711760419806087
20250921-205356,no_stopwords,HDP2,13,u_mass,-19.657436072347473
20250921-205356,no_stopwords,HDP2,14,u_mass,-19.62914624346702
20250921-205356,no_stopwords,HDP2,15,u_mass,-20.309654165615473
20250921-205356,no_stopwords,HDP2,16,u_mass,-15.818877571973449
20250921-205356,no_stopwords,HDP2,17,u_mass,-18.98097023865166
20250921-205356,no_stopwords,HDP2,18,u_mass,-19.664683516198973
20250921-205356,no_stopwords,HDP2,19,u_mass,-19.482345470199075
20250921-205356,no_stopwords,HDP2,20,u_mass,-19.58395541729646
20250921-205356,no_stopwords,HDP2,21,u_mass,-20.132583494391042
20250921-205356,no_stopwords,HDP2,22,u_mass,-17.776442198062146
20250921-205356,no_stopwords,HDP2,23,u_mass,-20.119084562346014
20250921-205356,no_stopwords,HDP2,24,u_mass,-17.49934266930993
20250921-205356,no_stopwords,HDP2,25,u_mass,-19.240372264053807
20250921-205356,no_stopwords,HDP2,26,u_mass,-20.311130581665143
20250921-205356,no_stopwords,HDP2,27,u_mass,-19.85644226364876
20250921-205356,no_stopwords,HDP2,28,u_mass,-16.216690559408775
20250921-205356,no_stopwords,HDP2,29,u_mass,-17.454047627821634
20250921-205356,no_stopwords,HDP2,30,u_mass,-19.027718568234153
20250921-205356,no_stopwords,HDP2,31,u_mass,-19.24269324499394
20250921-205356,no_stopwords,HDP2,32,u_mass,-20.254797072547156
20250921-205356,no_stopwords,HDP2,33,u_mass,-20.56561629579155
20250921-205356,no_stopwords,HDP2,34,u_mass,-17.22587729312676
20250921-205356,no_stopwords,HDP2,35,u_mass,-19.279118696704476
20250921-205356,no_stopwords,HDP2,36,u_mass,-16.71926766036488
20250921-205356,no_stopwords,HDP2,37,u_mass,-19.990048707580243
20250921-205356,no_stopwords,HDP2,38,u_mass,-18.13948940647361
20250921-205356,no_stopwords,HDP2,39,u_mass,-20.598883566794857
20250921-205356,no_stopwords,HDP2,40,u_mass,-19.683779794352795
20250921-205356,no_stopwords,HDP2,41,u_mass,-21.109679064475003
20250921-205356,no_stopwords,HDP2,42,u_mass,-20.068021559537332
20250921-205356,no_stopwords,HDP2,43,u_mass,-18.61532323411212
20250921-205356,no_stopwords,HDP2,44,u_mass,-20.95444003344998
20250921-205356,no_stopwords,HDP2,45,u_mass,-20.602129919346364
20250921-205356,no_stopwords,HDP2,46,u_mass,-19.9501791090627
20250921-205356,no_stopwords,HDP2,47,u_mass,-19.752929040494767
20250921-205356,no_stopwords,HDP2,48,u_mass,-18.56586075217555
20250921-205356,no_stopwords,HDP2,49,u_mass,-20.330649093979954
20250921-205356,no_stopwords,HDP2,50,u_mass,-20.26206420820462
20250921-205356,no_stopwords,HDP2,51,u_mass,-18.99636757130811
20250921-205356,no_stopwords,HDP2,52,u_mass,-19.244410920684388
20250921-205356,no_stopwords,HDP2,53,u_mass,-17.898539202437004
20250921-205356,no_stopwords,HDP2,54,u_mass,-17.50589614819664
20250921-205356,no_stopwords,HDP2,55,u_mass,-18.734170279999365
20250921-205356,no_stopwords,HDP2,56,u_mass,-18.4520381853777
20250921-205356,no_stopwords,HDP2,57,u_mass,-20.58544989297383
20250921-205356,no_stopwords,HDP2,58,u_mass,-19.27614996019516
20250921-205356,no_stopwords,HDP2,59,u_mass,-19.814505773820258
20250921-205356,no_stopwords,HDP2,60,u_mass,-20.415291381322053
20250921-205356,no_stopwords,HDP2,61,u_mass,-19.829297711772888
20250921-205356,no_stopwords,HDP2,62,u_mass,-20.447267229249828
20250921-205356,no_stopwords,HDP2,63,u_mass,-18.621042670996907
20250921-205356,no_stopwords,HDP2,64,u_mass,-19.534902115538337
20250921-205356,no_stopwords,HDP2,65,u_mass,-20.394637570263665
20250921-205356,no_stopwords,HDP2,66,u_mass,-19.732951181546532
20250921-205356,no_stopwords,HDP2,67,u_mass,-18.49092192589731
20250921-205356,no_stopwords,HDP2,68,u_mass,-18.011711647225198
20250921-205356,no_stopwords,HDP2,69,u_mass,-16.650211556419922
20250921-205356,no_stopwords,HDP2,70,u_mass,-20.835861228629167
20250921-205356,no_stopwords,HDP2,71,u_mass,-17.87756994883931
20250921-205356,no_stopwords,HDP2,72,u_mass,-20.497646060690816
20250921-205356,no_stopwords,HDP2,73,u_mass,-18.673532104590254
20250921-205356,no_stopwords,HDP2,74,u_mass,-18.09029668756382
20250921-205356,no_stopwords,HDP2,75,u_mass,-18.637422024468815
20250921-205356,no_stopwords,HDP2,76,u_mass,-19.235172719468444
20250921-205356,no_stopwords,HDP2,77,u_mass,-20.82064737259361
20250921-205356,no_stopwords,HDP2,78,u_mass,-18.8006405033823
20250921-205356,no_stopwords,HDP2,79,u_mass,-19.393872659190258
20250921-205356,no_stopwords,HDP2,80,u_mass,-20.568892028822685
20250921-205356,no_stopwords,HDP2,81,u_mass,-19.15141480259027
20250921-205356,no_stopwords,HDP2,82,u_mass,-19.35017125468155
20250921-205356,no_stopwords,HDP2,83,u_mass,-18.594404070243108
20250921-205356,no_stopwords,HDP2,84,u_mass,-19.21506303819927
20250921-205356,no_stopwords,HDP2,85,u_mass,-19.995181584129515
20250921-205356,no_stopwords,HDP2,86,u_mass,-20.186665528624292
20250921-205356,no_stopwords,HDP2,87,u_mass,-20.8299291876327
20250921-205356,no_stopwords,HDP2,88,u_mass,-20.503247785889425
20250921-205356,no_stopwords,HDP2,89,u_mass,-20.39990918804097
20250921-205356,no_stopwords,HDP2,90,u_mass,-20.74180523887034
20250921-205356,no_stopwords,HDP2,91,u_mass,-19.383313236152954
20250921-205356,no_stopwords,HDP2,92,u_mass,-17.595676842769098
20250921-205356,no_stopwords,HDP2,93,u_mass,-17.076560084804004
20250921-205356,no_stopwords,HDP2,94,u_mass,-20.63583747777336
20250921-205356,no_stopwords,HDP2,95,u_mass,-19.827241906221655
20250921-205356,no_stopwords,HDP2,96,u_mass,-18.112235414005532
20250921-205356,no_stopwords,HDP2,97,u_mass,-19.51509129705122
20250921-205356,no_stopwords,HDP2,98,u_mass,-14.851331805801745
20250921-205356,no_stopwords,HDP2,99,u_mass,-19.483869811130457
20250921-205356,no_stopwords,HDP2,0,c_npmi,-0.4414567422905448
20250921-205356,no_stopwords,HDP2,1,c_npmi,-0.46336909000425625
20250921-205356,no_stopwords,HDP2,2,c_npmi,-0.4637150478273237
20250921-205356,no_stopwords,HDP2,3,c_npmi,-0.44287629584137816
20250921-205356,no_stopwords,HDP2,4,c_npmi,-0.4523983368365635
20250921-205356,no_stopwords,HDP2,5,c_npmi,-0.46062580035226314
20250921-205356,no_stopwords,HDP2,6,c_npmi,-0.4142143419689813
20250921-205356,no_stopwords,HDP2,7,c_npmi,-0.4265046054398204
20250921-205356,no_stopwords,HDP2,8,c_npmi,-0.4462350927170314
20250921-205356,no_stopwords,HDP2,9,c_npmi,-0.44810897471480654
20250921-205356,no_stopwords,HDP2,10,c_npmi,-0.441755242997805
20250921-205356,no_stopwords,HDP2,11,c_npmi,-0.44369217241792375
20250921-205356,no_stopwords,HDP2,12,c_npmi,-0.46999222585304656
20250921-205356,no_stopwords,HDP2,13,c_npmi,-0.45312037221316526
20250921-205356,no_stopwords,HDP2,14,c_npmi,-0.4655096520623603
20250921-205356,no_stopwords,HDP2,15,c_npmi,-0.458468942714548
20250921-205356,no_stopwords,HDP2,16,c_npmi,-0.41730306474314544
20250921-205356,no_stopwords,HDP2,17,c_npmi,-0.4597872049792061
20250921-205356,no_stopwords,HDP2,18,c_npmi,-0.4619065697097522
20250921-205356,no_stopwords,HDP2,19,c_npmi,-0.447800718640013
20250921-205356,no_stopwords,HDP2,20,c_npmi,-0.4655093880670794
20250921-205356,no_stopwords,HDP2,21,c_npmi,-0.45830445198738323
20250921-205356,no_stopwords,HDP2,22,c_npmi,-0.4466209230005163
20250921-205356,no_stopwords,HDP2,23,c_npmi,-0.43766170511732594
20250921-205356,no_stopwords,HDP2,24,c_npmi,-0.43012477978773844
20250921-205356,no_stopwords,HDP2,25,c_npmi,-0.4550814477074276
20250921-205356,no_stopwords,HDP2,26,c_npmi,-0.4533794079119076
20250921-205356,no_stopwords,HDP2,27,c_npmi,-0.46722535166334017
20250921-205356,no_stopwords,HDP2,28,c_npmi,-0.4439838215550089
20250921-205356,no_stopwords,HDP2,29,c_npmi,-0.4759251538317573
20250921-205356,no_stopwords,HDP2,30,c_npmi,-0.46271667935562966
20250921-205356,no_stopwords,HDP2,31,c_npmi,-0.45933322992625303
20250921-205356,no_stopwords,HDP2,32,c_npmi,-0.46351782557330745
20250921-205356,no_stopwords,HDP2,33,c_npmi,-0.45082374061538777
20250921-205356,no_stopwords,HDP2,34,c_npmi,-0.45367926628802824
20250921-205356,no_stopwords,HDP2,35,c_npmi,-0.43246540726597027
20250921-205356,no_stopwords,HDP2,36,c_npmi,-0.4330461158579284
20250921-205356,no_stopwords,HDP2,37,c_npmi,-0.4756449454505517
20250921-205356,no_stopwords,HDP2,38,c_npmi,-0.45300616760340445
20250921-205356,no_stopwords,HDP2,39,c_npmi,-0.4644903814422569
20250921-205356,no_stopwords,HDP2,40,c_npmi,-0.4593899918043382
20250921-205356,no_stopwords,HDP2,41,c_npmi,-0.45030050286357354
20250921-205356,no_stopwords,HDP2,42,c_npmi,-0.4575914158868941
20250921-205356,no_stopwords,HDP2,43,c_npmi,-0.43958016403630173
20250921-205356,no_stopwords,HDP2,44,c_npmi,-0.46621216027723317
20250921-205356,no_stopwords,HDP2,45,c_npmi,-0.45442829804026236
20250921-205356,no_stopwords,HDP2,46,c_npmi,-0.4812241141363096
20250921-205356,no_stopwords,HDP2,47,c_npmi,-0.4655321892760391
20250921-205356,no_stopwords,HDP2,48,c_npmi,-0.4784367009823795
20250921-205356,no_stopwords,HDP2,49,c_npmi,-0.44257851821237465
20250921-205356,no_stopwords,HDP2,50,c_npmi,-0.4651203553143668
20250921-205356,no_stopwords,HDP2,51,c_npmi,-0.43537603040644907
20250921-205356,no_stopwords,HDP2,52,c_npmi,-0.4424098619021049
20250921-205356,no_stopwords,HDP2,53,c_npmi,-0.45266524077722153
20250921-205356,no_stopwords,HDP2,54,c_npmi,-0.4345169996055429
20250921-205356,no_stopwords,HDP2,55,c_npmi,-0.44696701669101396
20250921-205356,no_stopwords,HDP2,56,c_npmi,-0.41214955249746527
20250921-205356,no_stopwords,HDP2,57,c_npmi,-0.45278164611275473
20250921-205356,no_stopwords,HDP2,58,c_npmi,-0.42930788289415933
20250921-205356,no_stopwords,HDP2,59,c_npmi,-0.4602658674331708
20250921-205356,no_stopwords,HDP2,60,c_npmi,-0.4710439520124815
20250921-205356,no_stopwords,HDP2,61,c_npmi,-0.4719040178805268
20250921-205356,no_stopwords,HDP2,62,c_npmi,-0.45746222527566677
20250921-205356,no_stopwords,HDP2,63,c_npmi,-0.45814008085643954
20250921-205356,no_stopwords,HDP2,64,c_npmi,-0.4733798868486179
20250921-205356,no_stopwords,HDP2,65,c_npmi,-0.4413019566586647
20250921-205356,no_stopwords,HDP2,66,c_npmi,-0.43138321263461765
20250921-205356,no_stopwords,HDP2,67,c_npmi,-0.4520290784562297
20250921-205356,no_stopwords,HDP2,68,c_npmi,-0.4735550808486311
20250921-205356,no_stopwords,HDP2,69,c_npmi,-0.43580753043014786
20250921-205356,no_stopwords,HDP2,70,c_npmi,-0.44625297418207843
20250921-205356,no_stopwords,HDP2,71,c_npmi,-0.44890254628629905
20250921-205356,no_stopwords,HDP2,72,c_npmi,-0.4583605964164746
20250921-205356,no_stopwords,HDP2,73,c_npmi,-0.4549260284525565
20250921-205356,no_stopwords,HDP2,74,c_npmi,-0.4728125018659905
20250921-205356,no_stopwords,HDP2,75,c_npmi,-0.4492864117672319
20250921-205356,no_stopwords,HDP2,76,c_npmi,-0.4475491632675322
20250921-205356,no_stopwords,HDP2,77,c_npmi,-0.46197422512212644
20250921-205356,no_stopwords,HDP2,78,c_npmi,-0.4601415606814533
20250921-205356,no_stopwords,HDP2,79,c_npmi,-0.4421124183881439
20250921-205356,no_stopwords,HDP2,80,c_npmi,-0.46168070019424706
20250921-205356,no_stopwords,HDP2,81,c_npmi,-0.45987841650327344
20250921-205356,no_stopwords,HDP2,82,c_npmi,-0.45137153855415807
20250921-205356,no_stopwords,HDP2,83,c_npmi,-0.44524107772288646
20250921-205356,no_stopwords,HDP2,84,c_npmi,-0.4447425719256071
20250921-205356,no_stopwords,HDP2,85,c_npmi,-0.4619411848766951
20250921-205356,no_stopwords,HDP2,86,c_npmi,-0.46850491773170494
20250921-205356,no_stopwords,HDP2,87,c_npmi,-0.4584833047663498
20250921-205356,no_stopwords,HDP2,88,c_npmi,-0.4551013616645463
20250921-205356,no_stopwords,HDP2,89,c_npmi,-0.4547634186618111
20250921-205356,no_stopwords,HDP2,90,c_npmi,-0.4670703594211624
20250921-205356,no_stopwords,HDP2,91,c_npmi,-0.4524969741821245
20250921-205356,no_stopwords,HDP2,92,c_npmi,-0.42617504983404997
20250921-205356,no_stopwords,HDP2,93,c_npmi,-0.4471047803518472
20250921-205356,no_stopwords,HDP2,94,c_npmi,-0.4643629154323638
20250921-205356,no_stopwords,HDP2,95,c_npmi,-0.4672752109162951
20250921-205356,no_stopwords,HDP2,96,c_npmi,-0.45539797109750535
20250921-205356,no_stopwords,HDP2,97,c_npmi,-0.4655361917056744
20250921-205356,no_stopwords,HDP2,98,c_npmi,-0.44366360681895967
20250921-205356,no_stopwords,HDP2,99,c_npmi,-0.442550367941416
20250921-205356,no_stopwords,HDP2,0,c_uci,-12.391662971078718
20250921-205356,no_stopwords,HDP2,1,c_uci,-12.886934569818637
20250921-205356,no_stopwords,HDP2,2,c_uci,-12.879867324126554
20250921-205356,no_stopwords,HDP2,3,c_uci,-12.490533337549865
20250921-205356,no_stopwords,HDP2,4,c_uci,-12.585751326128658
20250921-205356,no_stopwords,HDP2,5,c_uci,-12.8536690034342
20250921-205356,no_stopwords,HDP2,6,c_uci,-11.792158393805972
20250921-205356,no_stopwords,HDP2,7,c_uci,-12.108269582076407
20250921-205356,no_stopwords,HDP2,8,c_uci,-12.487092517387897
20250921-205356,no_stopwords,HDP2,9,c_uci,-12.476841837144818
20250921-205356,no_stopwords,HDP2,10,c_uci,-12.402212662764308
20250921-205356,no_stopwords,HDP2,11,c_uci,-12.360500325644441
20250921-205356,no_stopwords,HDP2,12,c_uci,-13.060873553446907
20250921-205356,no_stopwords,HDP2,13,c_uci,-12.607461542592654
20250921-205356,no_stopwords,HDP2,14,c_uci,-12.985489504154934
20250921-205356,no_stopwords,HDP2,15,c_uci,-12.777671604580796
20250921-205356,no_stopwords,HDP2,16,c_uci,-11.846993643153068
20250921-205356,no_stopwords,HDP2,17,c_uci,-12.859626925071677
20250921-205356,no_stopwords,HDP2,18,c_uci,-12.895483796908861
20250921-205356,no_stopwords,HDP2,19,c_uci,-12.54482077539609
20250921-205356,no_stopwords,HDP2,20,c_uci,-13.008665077598357
20250921-205356,no_stopwords,HDP2,21,c_uci,-12.741384643309802
20250921-205356,no_stopwords,HDP2,22,c_uci,-12.417793011999079
20250921-205356,no_stopwords,HDP2,23,c_uci,-12.270056592599577
20250921-205356,no_stopwords,HDP2,24,c_uci,-12.108587676719399
20250921-205356,no_stopwords,HDP2,25,c_uci,-12.760280293774176
20250921-205356,no_stopwords,HDP2,26,c_uci,-12.599494741678594
20250921-205356,no_stopwords,HDP2,27,c_uci,-12.949041715291902
20250921-205356,no_stopwords,HDP2,28,c_uci,-12.492855184817463
20250921-205356,no_stopwords,HDP2,29,c_uci,-13.25230694222455
20250921-205356,no_stopwords,HDP2,30,c_uci,-12.898974667657933
20250921-205356,no_stopwords,HDP2,31,c_uci,-12.790483448741671
20250921-205356,no_stopwords,HDP2,32,c_uci,-12.89574854149876
20250921-205356,no_stopwords,HDP2,33,c_uci,-12.543482105621225
20250921-205356,no_stopwords,HDP2,34,c_uci,-12.71553552143256
20250921-205356,no_stopwords,HDP2,35,c_uci,-12.06224471644899
20250921-205356,no_stopwords,HDP2,36,c_uci,-12.08338781692741
20250921-205356,no_stopwords,HDP2,37,c_uci,-13.255037925382307
20250921-205356,no_stopwords,HDP2,38,c_uci,-12.579014546504512
20250921-205356,no_stopwords,HDP2,39,c_uci,-12.864992658851545
20250921-205356,no_stopwords,HDP2,40,c_uci,-12.864215329884802
20250921-205356,no_stopwords,HDP2,41,c_uci,-12.525642981776876
20250921-205356,no_stopwords,HDP2,42,c_uci,-12.765182974116234
20250921-205356,no_stopwords,HDP2,43,c_uci,-12.540204145886204
20250921-205356,no_stopwords,HDP2,44,c_uci,-13.02040459947395
20250921-205356,no_stopwords,HDP2,45,c_uci,-12.663899548054284
20250921-205356,no_stopwords,HDP2,46,c_uci,-13.412751145756848
20250921-205356,no_stopwords,HDP2,47,c_uci,-12.950334516981084
20250921-205356,no_stopwords,HDP2,48,c_uci,-13.300499782256042
20250921-205356,no_stopwords,HDP2,49,c_uci,-12.461840406572216
20250921-205356,no_stopwords,HDP2,50,c_uci,-12.896142922402317
20250921-205356,no_stopwords,HDP2,51,c_uci,-12.203219081056707
20250921-205356,no_stopwords,HDP2,52,c_uci,-12.399342082558766
20250921-205356,no_stopwords,HDP2,53,c_uci,-12.772168036229907
20250921-205356,no_stopwords,HDP2,54,c_uci,-12.210901789374006
20250921-205356,no_stopwords,HDP2,55,c_uci,-12.591145592257343
20250921-205356,no_stopwords,HDP2,56,c_uci,-11.676878730076105
20250921-205356,no_stopwords,HDP2,57,c_uci,-12.553471754447289
20250921-205356,no_stopwords,HDP2,58,c_uci,-12.07449753317228
20250921-205356,no_stopwords,HDP2,59,c_uci,-12.813740422427623
20250921-205356,no_stopwords,HDP2,60,c_uci,-13.069634347495278
20250921-205356,no_stopwords,HDP2,61,c_uci,-13.104243215774495
20250921-205356,no_stopwords,HDP2,62,c_uci,-12.825109446529046
20250921-205356,no_stopwords,HDP2,63,c_uci,-12.732744867913741
20250921-205356,no_stopwords,HDP2,64,c_uci,-13.167145425673334
20250921-205356,no_stopwords,HDP2,65,c_uci,-12.363761153063086
20250921-205356,no_stopwords,HDP2,66,c_uci,-12.197345775009131
20250921-205356,no_stopwords,HDP2,67,c_uci,-12.578057635262141
20250921-205356,no_stopwords,HDP2,68,c_uci,-13.214666223925935
20250921-205356,no_stopwords,HDP2,69,c_uci,-12.380970788631004
20250921-205356,no_stopwords,HDP2,70,c_uci,-12.455316751291603
20250921-205356,no_stopwords,HDP2,71,c_uci,-12.50122867280984
20250921-205356,no_stopwords,HDP2,72,c_uci,-12.738153264879738
20250921-205356,no_stopwords,HDP2,73,c_uci,-12.824836421099716
20250921-205356,no_stopwords,HDP2,74,c_uci,-13.182430793258867
20250921-205356,no_stopwords,HDP2,75,c_uci,-12.653118718702808
20250921-205356,no_stopwords,HDP2,76,c_uci,-12.466895172705556
20250921-205356,no_stopwords,HDP2,77,c_uci,-12.828207616683903
20250921-205356,no_stopwords,HDP2,78,c_uci,-12.776827667992524
20250921-205356,no_stopwords,HDP2,79,c_uci,-12.440206757998073
20250921-205356,no_stopwords,HDP2,80,c_uci,-12.88540314305707
20250921-205356,no_stopwords,HDP2,81,c_uci,-12.796349310204914
20250921-205356,no_stopwords,HDP2,82,c_uci,-12.710243611458942
20250921-205356,no_stopwords,HDP2,83,c_uci,-12.4529530298657
20250921-205356,no_stopwords,HDP2,84,c_uci,-12.498060103936043
20250921-205356,no_stopwords,HDP2,85,c_uci,-12.866532629438476
20250921-205356,no_stopwords,HDP2,86,c_uci,-13.029519677585945
20250921-205356,no_stopwords,HDP2,87,c_uci,-12.777968972927978
20250921-205356,no_stopwords,HDP2,88,c_uci,-12.700619643523856
20250921-205356,no_stopwords,HDP2,89,c_uci,-12.737220549935907
20250921-205356,no_stopwords,HDP2,90,c_uci,-12.930709760173972
20250921-205356,no_stopwords,HDP2,91,c_uci,-12.640285874524068
20250921-205356,no_stopwords,HDP2,92,c_uci,-12.122184643399642
20250921-205356,no_stopwords,HDP2,93,c_uci,-12.342297140544877
20250921-205356,no_stopwords,HDP2,94,c_uci,-12.927906974803356
20250921-205356,no_stopwords,HDP2,95,c_uci,-12.984868303109822
20250921-205356,no_stopwords,HDP2,96,c_uci,-12.746525602722674
20250921-205356,no_stopwords,HDP2,97,c_uci,-13.016497332738828
20250921-205356,no_stopwords,HDP2,98,c_uci,-12.50844178265735
20250921-205356,no_stopwords,HDP2,99,c_uci,-12.463240011082723
20250921-205356,pos_filtered,LDA,0,c_v,0.5109188933786591
20250921-205356,pos_filtered,LDA,1,c_v,0.2596421622375029
20250921-205356,pos_filtered,LDA,2,c_v,0.43680200062117985
20250921-205356,pos_filtered,LDA,3,c_v,0.30269773640563125
20250921-205356,pos_filtered,LDA,4,c_v,0.4522942757090023
20250921-205356,pos_filtered,LDA,5,c_v,0.7561167179801249
20250921-205356,pos_filtered,LDA,6,c_v,0.4467396175849239
20250921-205356,pos_filtered,LDA,7,c_v,0.7429251272437466
20250921-205356,pos_filtered,LDA,8,c_v,0.5520962672591139
20250921-205356,pos_filtered,LDA,9,c_v,0.3342524294640509
20250921-205356,pos_filtered,LDA,10,c_v,0.7283432016347049
20250921-205356,pos_filtered,LDA,11,c_v,0.7923785571432256
20250921-205356,pos_filtered,LDA,12,c_v,0.40074957579150905
20250921-205356,pos_filtered,LDA,13,c_v,0.4243988081542575
20250921-205356,pos_filtered,LDA,14,c_v,0.5082335795164524
20250921-205356,pos_filtered,LDA,15,c_v,0.62547124473141
20250921-205356,pos_filtered,LDA,16,c_v,0.5325592323946065
20250921-205356,pos_filtered,LDA,17,c_v,0.3888343057188783
20250921-205356,pos_filtered,LDA,18,c_v,0.5665500067581741
20250921-205356,pos_filtered,LDA,19,c_v,0.5012871444738318
20250921-205356,pos_filtered,LDA,20,c_v,0.49882320754109477
20250921-205356,pos_filtered,LDA,21,c_v,0.292698771152054
20250921-205356,pos_filtered,LDA,22,c_v,0.4167880398728836
20250921-205356,pos_filtered,LDA,23,c_v,0.6082941924065396
20250921-205356,pos_filtered,LDA,24,c_v,0.35167689401066166
20250921-205356,pos_filtered,LDA,0,u_mass,-3.6704238723961655
20250921-205356,pos_filtered,LDA,1,u_mass,-5.634017013580874
20250921-205356,pos_filtered,LDA,2,u_mass,-3.6146217748299625
20250921-205356,pos_filtered,LDA,3,u_mass,-8.664203560420724
20250921-205356,pos_filtered,LDA,4,u_mass,-3.7765858219645776
20250921-205356,pos_filtered,LDA,5,u_mass,-2.572218201720213
20250921-205356,pos_filtered,LDA,6,u_mass,-3.417095065813114
20250921-205356,pos_filtered,LDA,7,u_mass,-2.9396194970569014
20250921-205356,pos_filtered,LDA,8,u_mass,-4.1376512260852465
20250921-205356,pos_filtered,LDA,9,u_mass,-6.898782506909114
20250921-205356,pos_filtered,LDA,10,u_mass,-2.524732273476186
20250921-205356,pos_filtered,LDA,11,u_mass,-2.3587190608805852
20250921-205356,pos_filtered,LDA,12,u_mass,-4.338036940516122
20250921-205356,pos_filtered,LDA,13,u_mass,-3.728564570113496
20250921-205356,pos_filtered,LDA,14,u_mass,-3.8378724298112448
20250921-205356,pos_filtered,LDA,15,u_mass,-2.661892421959062
20250921-205356,pos_filtered,LDA,16,u_mass,-3.460752465287561
20250921-205356,pos_filtered,LDA,17,u_mass,-5.181190927173635
20250921-205356,pos_filtered,LDA,18,u_mass,-3.772466762165533
20250921-205356,pos_filtered,LDA,19,u_mass,-4.266516243703445
20250921-205356,pos_filtered,LDA,20,u_mass,-3.576707924751704
20250921-205356,pos_filtered,LDA,21,u_mass,-8.049850289138243
20250921-205356,pos_filtered,LDA,22,u_mass,-5.8814091180933294
20250921-205356,pos_filtered,LDA,23,u_mass,-2.488638732549138
20250921-205356,pos_filtered,LDA,24,u_mass,-3.74072198906203
20250921-205356,pos_filtered,LDA,0,c_npmi,-0.053411392816342065
20250921-205356,pos_filtered,LDA,1,c_npmi,-0.18214955882684564
20250921-205356,pos_filtered,LDA,2,c_npmi,-0.07521006781530284
20250921-205356,pos_filtered,LDA,3,c_npmi,-0.23129357540924017
20250921-205356,pos_filtered,LDA,4,c_npmi,-0.04494316092025793
20250921-205356,pos_filtered,LDA,5,c_npmi,0.08378001676766245
20250921-205356,pos_filtered,LDA,6,c_npmi,-0.03947762009379681
20250921-205356,pos_filtered,LDA,7,c_npmi,0.03550397775587945
20250921-205356,pos_filtered,LDA,8,c_npmi,0.0025355077411982068
20250921-205356,pos_filtered,LDA,9,c_npmi,-0.14597230322819307
20250921-205356,pos_filtered,LDA,10,c_npmi,0.065552255314452
20250921-205356,pos_filtered,LDA,11,c_npmi,0.08543231639175335
20250921-205356,pos_filtered,LDA,12,c_npmi,-0.06815167030900732
20250921-205356,pos_filtered,LDA,13,c_npmi,-0.1019384255207178
20250921-205356,pos_filtered,LDA,14,c_npmi,-0.03266083809969552
20250921-205356,pos_filtered,LDA,15,c_npmi,0.044979123760597574
20250921-205356,pos_filtered,LDA,16,c_npmi,0.013814042897652385
20250921-205356,pos_filtered,LDA,17,c_npmi,-0.09380305805908476
20250921-205356,pos_filtered,LDA,18,c_npmi,0.01294718880404475
20250921-205356,pos_filtered,LDA,19,c_npmi,-0.06925925166034991
20250921-205356,pos_filtered,LDA,20,c_npmi,-0.0315623906423918
20250921-205356,pos_filtered,LDA,21,c_npmi,-0.25642133970780007
20250921-205356,pos_filtered,LDA,22,c_npmi,-0.10149327649995252
20250921-205356,pos_filtered,LDA,23,c_npmi,0.05609322839592512
20250921-205356,pos_filtered,LDA,24,c_npmi,-0.1236186670183667
20250921-205356,pos_filtered,LDA,0,c_uci,-2.814749635728535
20250921-205356,pos_filtered,LDA,1,c_uci,-5.343756274616075
20250921-205356,pos_filtered,LDA,2,c_uci,-2.4054596933353696
20250921-205356,pos_filtered,LDA,3,c_uci,-7.254403195281567
20250921-205356,pos_filtered,LDA,4,c_uci,-2.0073896248682694
20250921-205356,pos_filtered,LDA,5,c_uci,-0.16966310979268648
20250921-205356,pos_filtered,LDA,6,c_uci,-2.079819557232781
20250921-205356,pos_filtered,LDA,7,c_uci,-1.9251025254897514
20250921-205356,pos_filtered,LDA,8,c_uci,-1.937824693664181
20250921-205356,pos_filtered,LDA,9,c_uci,-5.1610766224353455
20250921-205356,pos_filtered,LDA,10,c_uci,-0.41608246220616596
20250921-205356,pos_filtered,LDA,11,c_uci,0.02443807270073071
20250921-205356,pos_filtered,LDA,12,c_uci,-2.6360710368179094
20250921-205356,pos_filtered,LDA,13,c_uci,-3.456598022717584
20250921-205356,pos_filtered,LDA,14,c_uci,-2.3998160986196098
20250921-205356,pos_filtered,LDA,15,c_uci,-0.49393800794697024
20250921-205356,pos_filtered,LDA,16,c_uci,-1.4209800428284796
20250921-205356,pos_filtered,LDA,17,c_uci,-3.6442946238583174
20250921-205356,pos_filtered,LDA,18,c_uci,-2.3558311547211024
20250921-205356,pos_filtered,LDA,19,c_uci,-3.1271846715347924
20250921-205356,pos_filtered,LDA,20,c_uci,-2.343787871422086
20250921-205356,pos_filtered,LDA,21,c_uci,-7.4858400725857885
20250921-205356,pos_filtered,LDA,22,c_uci,-4.3543974467644
20250921-205356,pos_filtered,LDA,23,c_uci,0.1830471029648569
20250921-205356,pos_filtered,LDA,24,c_uci,-3.981427804651265
20250921-205356,pos_filtered,HDP1,0,c_v,0.7234640964063546
20250921-205356,pos_filtered,HDP1,1,c_v,0.5842806891341913
20250921-205356,pos_filtered,HDP1,2,c_v,0.7081150048180946
20250921-205356,pos_filtered,HDP1,3,c_v,0.7112679869992355
20250921-205356,pos_filtered,HDP1,4,c_v,0.7017445562258823
20250921-205356,pos_filtered,HDP1,5,c_v,0.7500818734276056
20250921-205356,pos_filtered,HDP1,6,c_v,0.7113502107545606
20250921-205356,pos_filtered,HDP1,7,c_v,0.723551276263924
20250921-205356,pos_filtered,HDP1,8,c_v,0.7307443237999164
20250921-205356,pos_filtered,HDP1,9,c_v,0.7139793800472886
20250921-205356,pos_filtered,HDP1,10,c_v,0.6479207914179954
20250921-205356,pos_filtered,HDP1,11,c_v,0.6809259395172839
20250921-205356,pos_filtered,HDP1,12,c_v,0.7429508231550602
20250921-205356,pos_filtered,HDP1,13,c_v,0.6292163505958009
20250921-205356,pos_filtered,HDP1,14,c_v,0.690244643352208
20250921-205356,pos_filtered,HDP1,15,c_v,0.6300781520842684
20250921-205356,pos_filtered,HDP1,16,c_v,0.6578700401454667
20250921-205356,pos_filtered,HDP1,17,c_v,0.6926385312483181
20250921-205356,pos_filtered,HDP1,18,c_v,0.6808893098681053
20250921-205356,pos_filtered,HDP1,19,c_v,0.7604958801670053
20250921-205356,pos_filtered,HDP1,20,c_v,0.6352484889147763
20250921-205356,pos_filtered,HDP1,21,c_v,0.7397968425281974
20250921-205356,pos_filtered,HDP1,22,c_v,0.6859008235186075
20250921-205356,pos_filtered,HDP1,23,c_v,0.7365078628770743
20250921-205356,pos_filtered,HDP1,24,c_v,0.6921347423589724
20250921-205356,pos_filtered,HDP1,0,u_mass,-19.509258038359874
20250921-205356,pos_filtered,HDP1,1,u_mass,-15.786213855497312
20250921-205356,pos_filtered,HDP1,2,u_mass,-19.37813822666355
20250921-205356,pos_filtered,HDP1,3,u_mass,-19.908063864491222
20250921-205356,pos_filtered,HDP1,4,u_mass,-18.9981438112173
20250921-205356,pos_filtered,HDP1,5,u_mass,-20.35754643820212
20250921-205356,pos_filtered,HDP1,6,u_mass,-19.87258852966098
20250921-205356,pos_filtered,HDP1,7,u_mass,-19.661640467310377
20250921-205356,pos_filtered,HDP1,8,u_mass,-19.847064155827546
20250921-205356,pos_filtered,HDP1,9,u_mass,-20.298391337461478
20250921-205356,pos_filtered,HDP1,10,u_mass,-17.651848015140505
20250921-205356,pos_filtered,HDP1,11,u_mass,-18.975486181394775
20250921-205356,pos_filtered,HDP1,12,u_mass,-20.242234563151527
20250921-205356,pos_filtered,HDP1,13,u_mass,-17.223515707913993
20250921-205356,pos_filtered,HDP1,14,u_mass,-18.975693807052966
20250921-205356,pos_filtered,HDP1,15,u_mass,-16.575274652557756
20250921-205356,pos_filtered,HDP1,16,u_mass,-17.63507396127626
20250921-205356,pos_filtered,HDP1,17,u_mass,-18.951023961681326
20250921-205356,pos_filtered,HDP1,18,u_mass,-18.920013416173894
20250921-205356,pos_filtered,HDP1,19,u_mass,-20.527737288061005
20250921-205356,pos_filtered,HDP1,20,u_mass,-17.21598211146237
20250921-205356,pos_filtered,HDP1,21,u_mass,-20.255282294659025
20250921-205356,pos_filtered,HDP1,22,u_mass,-19.09010782703897
20250921-205356,pos_filtered,HDP1,23,u_mass,-20.138541372370966
20250921-205356,pos_filtered,HDP1,24,u_mass,-19.23349448023969
20250921-205356,pos_filtered,HDP1,0,c_npmi,-0.44970608315580746
20250921-205356,pos_filtered,HDP1,1,c_npmi,-0.40821816581637177
20250921-205356,pos_filtered,HDP1,2,c_npmi,-0.4589498412222919
20250921-205356,pos_filtered,HDP1,3,c_npmi,-0.4889942156919749
20250921-205356,pos_filtered,HDP1,4,c_npmi,-0.44833553154768035
20250921-205356,pos_filtered,HDP1,5,c_npmi,-0.46796127877067517
20250921-205356,pos_filtered,HDP1,6,c_npmi,-0.46672540716850186
20250921-205356,pos_filtered,HDP1,7,c_npmi,-0.47567395314419963
20250921-205356,pos_filtered,HDP1,8,c_npmi,-0.4515416888914395
20250921-205356,pos_filtered,HDP1,9,c_npmi,-0.49743843591416104
20250921-205356,pos_filtered,HDP1,10,c_npmi,-0.43374171612691337
20250921-205356,pos_filtered,HDP1,11,c_npmi,-0.45177608163001
20250921-205356,pos_filtered,HDP1,12,c_npmi,-0.4705888457388128
20250921-205356,pos_filtered,HDP1,13,c_npmi,-0.4565137688466869
20250921-205356,pos_filtered,HDP1,14,c_npmi,-0.4490189899179684
20250921-205356,pos_filtered,HDP1,15,c_npmi,-0.460347604171817
20250921-205356,pos_filtered,HDP1,16,c_npmi,-0.4657374843999974
20250921-205356,pos_filtered,HDP1,17,c_npmi,-0.46231124524446804
20250921-205356,pos_filtered,HDP1,18,c_npmi,-0.4573744647677755
20250921-205356,pos_filtered,HDP1,19,c_npmi,-0.5050183916422062
20250921-205356,pos_filtered,HDP1,20,c_npmi,-0.44240425177547316
20250921-205356,pos_filtered,HDP1,21,c_npmi,-0.46960783718472826
20250921-205356,pos_filtered,HDP1,22,c_npmi,-0.4542554075208935
20250921-205356,pos_filtered,HDP1,23,c_npmi,-0.4885953303480277
20250921-205356,pos_filtered,HDP1,24,c_npmi,-0.4741541808261502
20250921-205356,pos_filtered,HDP1,0,c_uci,-12.58378406525322
20250921-205356,pos_filtered,HDP1,1,c_uci,-11.603471644171282
20250921-205356,pos_filtered,HDP1,2,c_uci,-12.870723070187477
20250921-205356,pos_filtered,HDP1,3,c_uci,-13.58755851960726
20250921-205356,pos_filtered,HDP1,4,c_uci,-12.6030343811775
20250921-205356,pos_filtered,HDP1,5,c_uci,-13.047130118812158
20250921-205356,pos_filtered,HDP1,6,c_uci,-13.142317222527337
20250921-205356,pos_filtered,HDP1,7,c_uci,-13.341884821225406
20250921-205356,pos_filtered,HDP1,8,c_uci,-12.645359263774852
20250921-205356,pos_filtered,HDP1,9,c_uci,-13.824711700054893
20250921-205356,pos_filtered,HDP1,10,c_uci,-12.210798037029454
20250921-205356,pos_filtered,HDP1,11,c_uci,-12.76767917291614
20250921-205356,pos_filtered,HDP1,12,c_uci,-13.083784244731731
20250921-205356,pos_filtered,HDP1,13,c_uci,-12.795896330779422
20250921-205356,pos_filtered,HDP1,14,c_uci,-12.643351631318616
20250921-205356,pos_filtered,HDP1,15,c_uci,-12.963216709083058
20250921-205356,pos_filtered,HDP1,16,c_uci,-12.98142420974893
20250921-205356,pos_filtered,HDP1,17,c_uci,-12.92523912816974
20250921-205356,pos_filtered,HDP1,18,c_uci,-12.948304982478856
20250921-205356,pos_filtered,HDP1,19,c_uci,-13.964995632299123
20250921-205356,pos_filtered,HDP1,20,c_uci,-12.535805928173192
20250921-205356,pos_filtered,HDP1,21,c_uci,-13.103957551630227
20250921-205356,pos_filtered,HDP1,22,c_uci,-12.875319565443375
20250921-205356,pos_filtered,HDP1,23,c_uci,-13.57964246824038
20250921-205356,pos_filtered,HDP1,24,c_uci,-13.282391978535916
20250921-205356,pos_filtered,HDP2,0,c_v,0.7262965704252943
20250921-205356,pos_filtered,HDP2,1,c_v,0.7181726829434648
20250921-205356,pos_filtered,HDP2,2,c_v,0.75933585842561
20250921-205356,pos_filtered,HDP2,3,c_v,0.6815366187331192
20250921-205356,pos_filtered,HDP2,4,c_v,0.7268724333022364
20250921-205356,pos_filtered,HDP2,5,c_v,0.7181492438138735
20250921-205356,pos_filtered,HDP2,6,c_v,0.7330903700028296
20250921-205356,pos_filtered,HDP2,7,c_v,0.7277072011601942
20250921-205356,pos_filtered,HDP2,8,c_v,0.7338882076627399
20250921-205356,pos_filtered,HDP2,9,c_v,0.6496300873825422
20250921-205356,pos_filtered,HDP2,10,c_v,0.7750723697071403
20250921-205356,pos_filtered,HDP2,11,c_v,0.6735880065110199
20250921-205356,pos_filtered,HDP2,12,c_v,0.6725974862127487
20250921-205356,pos_filtered,HDP2,13,c_v,0.6646570603272214
20250921-205356,pos_filtered,HDP2,14,c_v,0.7409805502907763
20250921-205356,pos_filtered,HDP2,15,c_v,0.6978379484512482
20250921-205356,pos_filtered,HDP2,16,c_v,0.6684769747407591
20250921-205356,pos_filtered,HDP2,17,c_v,0.6622101543246173
20250921-205356,pos_filtered,HDP2,18,c_v,0.6567520552824754
20250921-205356,pos_filtered,HDP2,19,c_v,0.7394889558602137
20250921-205356,pos_filtered,HDP2,20,c_v,0.6534326220394121
20250921-205356,pos_filtered,HDP2,21,c_v,0.6715066051738925
20250921-205356,pos_filtered,HDP2,22,c_v,0.7320465622911791
20250921-205356,pos_filtered,HDP2,23,c_v,0.7629290051825812
20250921-205356,pos_filtered,HDP2,24,c_v,0.7238821033028169
20250921-205356,pos_filtered,HDP2,25,c_v,0.6967708197840574
20250921-205356,pos_filtered,HDP2,26,c_v,0.7108311278294677
20250921-205356,pos_filtered,HDP2,27,c_v,0.7122097022445532
20250921-205356,pos_filtered,HDP2,28,c_v,0.6956832192891809
20250921-205356,pos_filtered,HDP2,29,c_v,0.6864874061915109
20250921-205356,pos_filtered,HDP2,30,c_v,0.7603612439030757
20250921-205356,pos_filtered,HDP2,31,c_v,0.5917418080404582
20250921-205356,pos_filtered,HDP2,32,c_v,0.6173420700248484
20250921-205356,pos_filtered,HDP2,33,c_v,0.6919552322838178
20250921-205356,pos_filtered,HDP2,34,c_v,0.7258942045905302
20250921-205356,pos_filtered,HDP2,35,c_v,0.6649536767237694
20250921-205356,pos_filtered,HDP2,36,c_v,0.7438197253206316
20250921-205356,pos_filtered,HDP2,37,c_v,0.6722069325450571
20250921-205356,pos_filtered,HDP2,38,c_v,0.7436320031694104
20250921-205356,pos_filtered,HDP2,39,c_v,0.6925461377845555
20250921-205356,pos_filtered,HDP2,40,c_v,0.7023302250055921
20250921-205356,pos_filtered,HDP2,41,c_v,0.7118992487465454
20250921-205356,pos_filtered,HDP2,42,c_v,0.7224051864710033
20250921-205356,pos_filtered,HDP2,43,c_v,0.6584680238037144
20250921-205356,pos_filtered,HDP2,44,c_v,0.6663187657058571
20250921-205356,pos_filtered,HDP2,45,c_v,0.7573032339354675
20250921-205356,pos_filtered,HDP2,46,c_v,0.7291851403684285
20250921-205356,pos_filtered,HDP2,47,c_v,0.5861350654463372
20250921-205356,pos_filtered,HDP2,48,c_v,0.7184368687916013
20250921-205356,pos_filtered,HDP2,49,c_v,0.7032846901368788
20250921-205356,pos_filtered,HDP2,50,c_v,0.6946553605018264
20250921-205356,pos_filtered,HDP2,51,c_v,0.6797355863126157
20250921-205356,pos_filtered,HDP2,52,c_v,0.7079261879654093
20250921-205356,pos_filtered,HDP2,53,c_v,0.647170327926794
20250921-205356,pos_filtered,HDP2,54,c_v,0.7263948204714952
20250921-205356,pos_filtered,HDP2,55,c_v,0.6090588282763283
20250921-205356,pos_filtered,HDP2,56,c_v,0.7065959859585639
20250921-205356,pos_filtered,HDP2,57,c_v,0.7079677964527835
20250921-205356,pos_filtered,HDP2,58,c_v,0.7384487816795197
20250921-205356,pos_filtered,HDP2,59,c_v,0.6828970119328878
20250921-205356,pos_filtered,HDP2,60,c_v,0.7320207503860147
20250921-205356,pos_filtered,HDP2,61,c_v,0.7043847918913959
20250921-205356,pos_filtered,HDP2,62,c_v,0.644602011416731
20250921-205356,pos_filtered,HDP2,63,c_v,0.6913753051296079
20250921-205356,pos_filtered,HDP2,64,c_v,0.7764873034065116
20250921-205356,pos_filtered,HDP2,65,c_v,0.7327631333044242
20250921-205356,pos_filtered,HDP2,66,c_v,0.662879410071983
20250921-205356,pos_filtered,HDP2,67,c_v,0.7523491141205498
20250921-205356,pos_filtered,HDP2,68,c_v,0.6936382261511759
20250921-205356,pos_filtered,HDP2,69,c_v,0.6756148708888895
20250921-205356,pos_filtered,HDP2,70,c_v,0.6121715911483382
20250921-205356,pos_filtered,HDP2,71,c_v,0.7417417582040982
20250921-205356,pos_filtered,HDP2,72,c_v,0.6121134977489949
20250921-205356,pos_filtered,HDP2,73,c_v,0.6180002918586769
20250921-205356,pos_filtered,HDP2,74,c_v,0.6634496669635641
20250921-205356,pos_filtered,HDP2,75,c_v,0.7363335775644303
20250921-205356,pos_filtered,HDP2,76,c_v,0.6898806963746541
20250921-205356,pos_filtered,HDP2,77,c_v,0.740372709863877
20250921-205356,pos_filtered,HDP2,78,c_v,0.7414109222263509
20250921-205356,pos_filtered,HDP2,79,c_v,0.7059477040818015
20250921-205356,pos_filtered,HDP2,80,c_v,0.7175623484644919
20250921-205356,pos_filtered,HDP2,81,c_v,0.7233579380796649
20250921-205356,pos_filtered,HDP2,82,c_v,0.7694290083967029
20250921-205356,pos_filtered,HDP2,83,c_v,0.7089980476944893
20250921-205356,pos_filtered,HDP2,84,c_v,0.6891227107317898
20250921-205356,pos_filtered,HDP2,85,c_v,0.6793239026384678
20250921-205356,pos_filtered,HDP2,86,c_v,0.7190812949470391
20250921-205356,pos_filtered,HDP2,87,c_v,0.6831293453074461
20250921-205356,pos_filtered,HDP2,88,c_v,0.7105853078471069
20250921-205356,pos_filtered,HDP2,89,c_v,0.7156799606058961
20250921-205356,pos_filtered,HDP2,90,c_v,0.7301338934634523
20250921-205356,pos_filtered,HDP2,91,c_v,0.7473956661119809
20250921-205356,pos_filtered,HDP2,92,c_v,0.7362265548685321
20250921-205356,pos_filtered,HDP2,93,c_v,0.6732828943468606
20250921-205356,pos_filtered,HDP2,94,c_v,0.6436186674541708
20250921-205356,pos_filtered,HDP2,95,c_v,0.7237619732760734
20250921-205356,pos_filtered,HDP2,96,c_v,0.6310541947815085
20250921-205356,pos_filtered,HDP2,97,c_v,0.669871250192488
20250921-205356,pos_filtered,HDP2,98,c_v,0.7422556393292659
20250921-205356,pos_filtered,HDP2,99,c_v,0.5968629709134624
20250921-205356,pos_filtered,HDP2,0,u_mass,-19.93156697340118
20250921-205356,pos_filtered,HDP2,1,u_mass,-19.969445623265806
20250921-205356,pos_filtered,HDP2,2,u_mass,-20.920805430788707
20250921-205356,pos_filtered,HDP2,3,u_mass,-18.605600382855545
20250921-205356,pos_filtered,HDP2,4,u_mass,-20.14278705829215
20250921-205356,pos_filtered,HDP2,5,u_mass,-19.722777557876853
20250921-205356,pos_filtered,HDP2,6,u_mass,-20.17179522374568
20250921-205356,pos_filtered,HDP2,7,u_mass,-19.293625479877086
20250921-205356,pos_filtered,HDP2,8,u_mass,-20.07850426424781
20250921-205356,pos_filtered,HDP2,9,u_mass,-17.677226515506035
20250921-205356,pos_filtered,HDP2,10,u_mass,-21.00482205426686
20250921-205356,pos_filtered,HDP2,11,u_mass,-18.53041306140487
20250921-205356,pos_filtered,HDP2,12,u_mass,-17.53769899243989
20250921-205356,pos_filtered,HDP2,13,u_mass,-18.366195945724204
20250921-205356,pos_filtered,HDP2,14,u_mass,-20.384990504043028
20250921-205356,pos_filtered,HDP2,15,u_mass,-19.232557790443497
20250921-205356,pos_filtered,HDP2,16,u_mass,-17.827442305642514
20250921-205356,pos_filtered,HDP2,17,u_mass,-18.05171442043914
20250921-205356,pos_filtered,HDP2,18,u_mass,-17.983157184931944
20250921-205356,pos_filtered,HDP2,19,u_mass,-20.43723906968243
20250921-205356,pos_filtered,HDP2,20,u_mass,-18.715958854892413
20250921-205356,pos_filtered,HDP2,21,u_mass,-18.93546961903788
20250921-205356,pos_filtered,HDP2,22,u_mass,-20.120758563995395
20250921-205356,pos_filtered,HDP2,23,u_mass,-20.476719483971106
20250921-205356,pos_filtered,HDP2,24,u_mass,-19.783645088265178
20250921-205356,pos_filtered,HDP2,25,u_mass,-19.318477367353637
20250921-205356,pos_filtered,HDP2,26,u_mass,-19.181531203950613
20250921-205356,pos_filtered,HDP2,27,u_mass,-19.571456798630198
20250921-205356,pos_filtered,HDP2,28,u_mass,-18.968681457240812
20250921-205356,pos_filtered,HDP2,29,u_mass,-18.585096825880132
20250921-205356,pos_filtered,HDP2,30,u_mass,-20.58741780433007
20250921-205356,pos_filtered,HDP2,31,u_mass,-16.116665715442167
20250921-205356,pos_filtered,HDP2,32,u_mass,-16.899992131911898
20250921-205356,pos_filtered,HDP2,33,u_mass,-18.56967975928377
20250921-205356,pos_filtered,HDP2,34,u_mass,-19.796717066039907
20250921-205356,pos_filtered,HDP2,35,u_mass,-18.23472989986689
20250921-205356,pos_filtered,HDP2,36,u_mass,-20.195183643758984
20250921-205356,pos_filtered,HDP2,37,u_mass,-17.806326657579426
20250921-205356,pos_filtered,HDP2,38,u_mass,-20.281360189411842
20250921-205356,pos_filtered,HDP2,39,u_mass,-19.533459536498334
20250921-205356,pos_filtered,HDP2,40,u_mass,-19.40339829184015
20250921-205356,pos_filtered,HDP2,41,u_mass,-19.790801331636633
20250921-205356,pos_filtered,HDP2,42,u_mass,-20.288677751132035
20250921-205356,pos_filtered,HDP2,43,u_mass,-18.706251931347207
20250921-205356,pos_filtered,HDP2,44,u_mass,-18.97285263999404
20250921-205356,pos_filtered,HDP2,45,u_mass,-20.682666843811084
20250921-205356,pos_filtered,HDP2,46,u_mass,-20.387787088043968
20250921-205356,pos_filtered,HDP2,47,u_mass,-16.088615601359734
20250921-205356,pos_filtered,HDP2,48,u_mass,-20.0244944170518
20250921-205356,pos_filtered,HDP2,49,u_mass,-19.454500164523296
20250921-205356,pos_filtered,HDP2,50,u_mass,-19.413255571423512
20250921-205356,pos_filtered,HDP2,51,u_mass,-18.44871755763655
20250921-205356,pos_filtered,HDP2,52,u_mass,-19.01991269086613
20250921-205356,pos_filtered,HDP2,53,u_mass,-17.772498006334597
20250921-205356,pos_filtered,HDP2,54,u_mass,-19.66486981031475
20250921-205356,pos_filtered,HDP2,55,u_mass,-16.619925998847826
20250921-205356,pos_filtered,HDP2,56,u_mass,-19.29559715602044
20250921-205356,pos_filtered,HDP2,57,u_mass,-19.12735618397053
20250921-205356,pos_filtered,HDP2,58,u_mass,-20.304389695404733
20250921-205356,pos_filtered,HDP2,59,u_mass,-19.585280757611546
20250921-205356,pos_filtered,HDP2,60,u_mass,-20.26252307433098
20250921-205356,pos_filtered,HDP2,61,u_mass,-19.167707246997725
20250921-205356,pos_filtered,HDP2,62,u_mass,-17.333399407046063
20250921-205356,pos_filtered,HDP2,63,u_mass,-18.102569137022787
20250921-205356,pos_filtered,HDP2,64,u_mass,-20.946888870703845
20250921-205356,pos_filtered,HDP2,65,u_mass,-19.682738830964944
20250921-205356,pos_filtered,HDP2,66,u_mass,-18.658868573043797
20250921-205356,pos_filtered,HDP2,67,u_mass,-20.301253577708582
20250921-205356,pos_filtered,HDP2,68,u_mass,-18.665141102360927
20250921-205356,pos_filtered,HDP2,69,u_mass,-18.39423143152953
20250921-205356,pos_filtered,HDP2,70,u_mass,-16.65425302343116
20250921-205356,pos_filtered,HDP2,71,u_mass,-19.644042987817098
20250921-205356,pos_filtered,HDP2,72,u_mass,-16.33503538719573
20250921-205356,pos_filtered,HDP2,73,u_mass,-17.018007852452584
20250921-205356,pos_filtered,HDP2,74,u_mass,-19.06878236001077
20250921-205356,pos_filtered,HDP2,75,u_mass,-20.254478826080906
20250921-205356,pos_filtered,HDP2,76,u_mass,-18.55930912115422
20250921-205356,pos_filtered,HDP2,77,u_mass,-20.005845490317753
20250921-205356,pos_filtered,HDP2,78,u_mass,-19.847779914405816
20250921-205356,pos_filtered,HDP2,79,u_mass,-18.96128023066521
20250921-205356,pos_filtered,HDP2,80,u_mass,-19.251639393939385
20250921-205356,pos_filtered,HDP2,81,u_mass,-19.95842724001009
20250921-205356,pos_filtered,HDP2,82,u_mass,-21.189098118378126
20250921-205356,pos_filtered,HDP2,83,u_mass,-19.853738185896844
20250921-205356,pos_filtered,HDP2,84,u_mass,-18.648901666983445
20250921-205356,pos_filtered,HDP2,85,u_mass,-18.634818814598272
20250921-205356,pos_filtered,HDP2,86,u_mass,-19.72780468329503
20250921-205356,pos_filtered,HDP2,87,u_mass,-18.881236902510494
20250921-205356,pos_filtered,HDP2,88,u_mass,-19.522684100973454
20250921-205356,pos_filtered,HDP2,89,u_mass,-19.817354251343513
20250921-205356,pos_filtered,HDP2,90,u_mass,-20.450046030689737
20250921-205356,pos_filtered,HDP2,91,u_mass,-20.051790292015003
20250921-205356,pos_filtered,HDP2,92,u_mass,-20.523890972604683
20250921-205356,pos_filtered,HDP2,93,u_mass,-18.634856153656422
20250921-205356,pos_filtered,HDP2,94,u_mass,-17.524249440163846
20250921-205356,pos_filtered,HDP2,95,u_mass,-20.02954707896286
20250921-205356,pos_filtered,HDP2,96,u_mass,-18.150313582054526
20250921-205356,pos_filtered,HDP2,97,u_mass,-17.937145376037627
20250921-205356,pos_filtered,HDP2,98,u_mass,-20.256043303182896
20250921-205356,pos_filtered,HDP2,99,u_mass,-16.653551241115377
20250921-205356,pos_filtered,HDP2,0,c_npmi,-0.4670610570547388
20250921-205356,pos_filtered,HDP2,1,c_npmi,-0.47639018467925376
20250921-205356,pos_filtered,HDP2,2,c_npmi,-0.4676360940826268
20250921-205356,pos_filtered,HDP2,3,c_npmi,-0.43438563996812374
20250921-205356,pos_filtered,HDP2,4,c_npmi,-0.4825224446265769
20250921-205356,pos_filtered,HDP2,5,c_npmi,-0.4885446999640901
20250921-205356,pos_filtered,HDP2,6,c_npmi,-0.46785458821122977
20250921-205356,pos_filtered,HDP2,7,c_npmi,-0.42377833900068335
20250921-205356,pos_filtered,HDP2,8,c_npmi,-0.462221882994766
20250921-205356,pos_filtered,HDP2,9,c_npmi,-0.4399134125895143
20250921-205356,pos_filtered,HDP2,10,c_npmi,-0.47648141419594225
20250921-205356,pos_filtered,HDP2,11,c_npmi,-0.4589101933195297
20250921-205356,pos_filtered,HDP2,12,c_npmi,-0.45647054452773267
20250921-205356,pos_filtered,HDP2,13,c_npmi,-0.4897075178167837
20250921-205356,pos_filtered,HDP2,14,c_npmi,-0.47340715017660656
20250921-205356,pos_filtered,HDP2,15,c_npmi,-0.4671209453245003
20250921-205356,pos_filtered,HDP2,16,c_npmi,-0.4622050737951322
20250921-205356,pos_filtered,HDP2,17,c_npmi,-0.4623670635174708
20250921-205356,pos_filtered,HDP2,18,c_npmi,-0.4331217867807054
20250921-205356,pos_filtered,HDP2,19,c_npmi,-0.4591327660516927
20250921-205356,pos_filtered,HDP2,20,c_npmi,-0.4557652661964813
20250921-205356,pos_filtered,HDP2,21,c_npmi,-0.4590739859281697
20250921-205356,pos_filtered,HDP2,22,c_npmi,-0.4815172053979343
20250921-205356,pos_filtered,HDP2,23,c_npmi,-0.46652055696783873
20250921-205356,pos_filtered,HDP2,24,c_npmi,-0.47269876811574424
20250921-205356,pos_filtered,HDP2,25,c_npmi,-0.46085941134634784
20250921-205356,pos_filtered,HDP2,26,c_npmi,-0.45293029156897474
20250921-205356,pos_filtered,HDP2,27,c_npmi,-0.4585282054836237
20250921-205356,pos_filtered,HDP2,28,c_npmi,-0.4542282887062971
20250921-205356,pos_filtered,HDP2,29,c_npmi,-0.44803722035700816
20250921-205356,pos_filtered,HDP2,30,c_npmi,-0.4663126118997064
20250921-205356,pos_filtered,HDP2,31,c_npmi,-0.41425783639928637
20250921-205356,pos_filtered,HDP2,32,c_npmi,-0.4563753168889081
20250921-205356,pos_filtered,HDP2,33,c_npmi,-0.4513570065929458
20250921-205356,pos_filtered,HDP2,34,c_npmi,-0.47092733450838115
20250921-205356,pos_filtered,HDP2,35,c_npmi,-0.47068066888734894
20250921-205356,pos_filtered,HDP2,36,c_npmi,-0.4772253093898351
20250921-205356,pos_filtered,HDP2,37,c_npmi,-0.4793685365769943
20250921-205356,pos_filtered,HDP2,38,c_npmi,-0.4709989012821658
20250921-205356,pos_filtered,HDP2,39,c_npmi,-0.46220636173544255
20250921-205356,pos_filtered,HDP2,40,c_npmi,-0.46326324323789053
20250921-205356,pos_filtered,HDP2,41,c_npmi,-0.4678886943186326
20250921-205356,pos_filtered,HDP2,42,c_npmi,-0.496305946185906
20250921-205356,pos_filtered,HDP2,43,c_npmi,-0.46690927246226727
20250921-205356,pos_filtered,HDP2,44,c_npmi,-0.45903797468562635
20250921-205356,pos_filtered,HDP2,45,c_npmi,-0.4560309095980131
20250921-205356,pos_filtered,HDP2,46,c_npmi,-0.47927825771361054
20250921-205356,pos_filtered,HDP2,47,c_npmi,-0.4428434330617522
20250921-205356,pos_filtered,HDP2,48,c_npmi,-0.46132837029204177
20250921-205356,pos_filtered,HDP2,49,c_npmi,-0.48572030017206735
20250921-205356,pos_filtered,HDP2,50,c_npmi,-0.4598117900404316
20250921-205356,pos_filtered,HDP2,51,c_npmi,-0.4490912281055318
20250921-205356,pos_filtered,HDP2,52,c_npmi,-0.4695576388304842
20250921-205356,pos_filtered,HDP2,53,c_npmi,-0.44410315480477186
20250921-205356,pos_filtered,HDP2,54,c_npmi,-0.48576333548434336
20250921-205356,pos_filtered,HDP2,55,c_npmi,-0.4612097125215513
20250921-205356,pos_filtered,HDP2,56,c_npmi,-0.47473015448197076
20250921-205356,pos_filtered,HDP2,57,c_npmi,-0.460573154419211
20250921-205356,pos_filtered,HDP2,58,c_npmi,-0.467442115149244
20250921-205356,pos_filtered,HDP2,59,c_npmi,-0.46909158941520157
20250921-205356,pos_filtered,HDP2,60,c_npmi,-0.476866774755152
20250921-205356,pos_filtered,HDP2,61,c_npmi,-0.46392368039925075
20250921-205356,pos_filtered,HDP2,62,c_npmi,-0.4519874589729487
20250921-205356,pos_filtered,HDP2,63,c_npmi,-0.4724515316710118
20250921-205356,pos_filtered,HDP2,64,c_npmi,-0.47172867064517954
20250921-205356,pos_filtered,HDP2,65,c_npmi,-0.4636835695997308
20250921-205356,pos_filtered,HDP2,66,c_npmi,-0.45780663523090026
20250921-205356,pos_filtered,HDP2,67,c_npmi,-0.46798298005643213
20250921-205356,pos_filtered,HDP2,68,c_npmi,-0.4437391467178219
20250921-205356,pos_filtered,HDP2,69,c_npmi,-0.4487785472946904
20250921-205356,pos_filtered,HDP2,70,c_npmi,-0.43183887226114204
20250921-205356,pos_filtered,HDP2,71,c_npmi,-0.4571332305981789
20250921-205356,pos_filtered,HDP2,72,c_npmi,-0.4416542538131363
20250921-205356,pos_filtered,HDP2,73,c_npmi,-0.45340579392333613
20250921-205356,pos_filtered,HDP2,74,c_npmi,-0.4526028120342481
20250921-205356,pos_filtered,HDP2,75,c_npmi,-0.45470869669317626
20250921-205356,pos_filtered,HDP2,76,c_npmi,-0.42540858622477956
20250921-205356,pos_filtered,HDP2,77,c_npmi,-0.46135129238112554
20250921-205356,pos_filtered,HDP2,78,c_npmi,-0.46491867262589964
20250921-205356,pos_filtered,HDP2,79,c_npmi,-0.466278568254414
20250921-205356,pos_filtered,HDP2,80,c_npmi,-0.4643537307408961
20250921-205356,pos_filtered,HDP2,81,c_npmi,-0.46591967115613636
20250921-205356,pos_filtered,HDP2,82,c_npmi,-0.47604737225898636
20250921-205356,pos_filtered,HDP2,83,c_npmi,-0.4639006964270279
20250921-205356,pos_filtered,HDP2,84,c_npmi,-0.4512765624191681
20250921-205356,pos_filtered,HDP2,85,c_npmi,-0.478337039736019
20250921-205356,pos_filtered,HDP2,86,c_npmi,-0.4646252328045835
20250921-205356,pos_filtered,HDP2,87,c_npmi,-0.4715562136617527
20250921-205356,pos_filtered,HDP2,88,c_npmi,-0.4607794369628074
20250921-205356,pos_filtered,HDP2,89,c_npmi,-0.4552694780030516
20250921-205356,pos_filtered,HDP2,90,c_npmi,-0.4813113711805392
20250921-205356,pos_filtered,HDP2,91,c_npmi,-0.46756456418636577
20250921-205356,pos_filtered,HDP2,92,c_npmi,-0.462392251099336
20250921-205356,pos_filtered,HDP2,93,c_npmi,-0.47618833534449945
20250921-205356,pos_filtered,HDP2,94,c_npmi,-0.45689580089978227
20250921-205356,pos_filtered,HDP2,95,c_npmi,-0.4684851266219614
20250921-205356,pos_filtered,HDP2,96,c_npmi,-0.45755091835649386
20250921-205356,pos_filtered,HDP2,97,c_npmi,-0.4430629045672987
20250921-205356,pos_filtered,HDP2,98,c_npmi,-0.48581459417315936
20250921-205356,pos_filtered,HDP2,99,c_npmi,-0.42332961148138165
20250921-205356,pos_filtered,HDP2,0,c_uci,-13.112716894309917
20250921-205356,pos_filtered,HDP2,1,c_uci,-13.307288203953691
20250921-205356,pos_filtered,HDP2,2,c_uci,-13.101199756699675
20250921-205356,pos_filtered,HDP2,3,c_uci,-12.29114712723888
20250921-205356,pos_filtered,HDP2,4,c_uci,-13.402777583590272
20250921-205356,pos_filtered,HDP2,5,c_uci,-13.585038948955708
20250921-205356,pos_filtered,HDP2,6,c_uci,-13.113840676842038
20250921-205356,pos_filtered,HDP2,7,c_uci,-11.956920896760879
20250921-205356,pos_filtered,HDP2,8,c_uci,-12.922682252353967
20250921-205356,pos_filtered,HDP2,9,c_uci,-12.359489160977478
20250921-205356,pos_filtered,HDP2,10,c_uci,-13.182118545832308
20250921-205356,pos_filtered,HDP2,11,c_uci,-12.787179392259175
20250921-205356,pos_filtered,HDP2,12,c_uci,-12.72873062436797
20250921-205356,pos_filtered,HDP2,13,c_uci,-13.615915497687308
20250921-205356,pos_filtered,HDP2,14,c_uci,-13.232644665678485
20250921-205356,pos_filtered,HDP2,15,c_uci,-13.102631274720357
20250921-205356,pos_filtered,HDP2,16,c_uci,-12.92336999068408
20250921-205356,pos_filtered,HDP2,17,c_uci,-13.060526001368565
20250921-205356,pos_filtered,HDP2,18,c_uci,-12.302645854820451
20250921-205356,pos_filtered,HDP2,19,c_uci,-12.852661628532596
20250921-205356,pos_filtered,HDP2,20,c_uci,-12.949217293162526
20250921-205356,pos_filtered,HDP2,21,c_uci,-12.906462877527764
20250921-205356,pos_filtered,HDP2,22,c_uci,-13.414552286421316
20250921-205356,pos_filtered,HDP2,23,c_uci,-13.010922681842231
20250921-205356,pos_filtered,HDP2,24,c_uci,-13.116750756748694
20250921-205356,pos_filtered,HDP2,25,c_uci,-12.938333560926335
20250921-205356,pos_filtered,HDP2,26,c_uci,-12.700022847716044
20250921-205356,pos_filtered,HDP2,27,c_uci,-12.862462976671251
20250921-205356,pos_filtered,HDP2,28,c_uci,-12.77314262831015
20250921-205356,pos_filtered,HDP2,29,c_uci,-12.646128850739675
20250921-205356,pos_filtered,HDP2,30,c_uci,-13.084696878223067
20250921-205356,pos_filtered,HDP2,31,c_uci,-11.627163623753106
20250921-205356,pos_filtered,HDP2,32,c_uci,-12.666179804502375
20250921-205356,pos_filtered,HDP2,33,c_uci,-12.678947655453424
20250921-205356,pos_filtered,HDP2,34,c_uci,-13.155390760368434
20250921-205356,pos_filtered,HDP2,35,c_uci,-13.113575937882194
20250921-205356,pos_filtered,HDP2,36,c_uci,-13.215360354682293
20250921-205356,pos_filtered,HDP2,37,c_uci,-13.311284756453391
20250921-205356,pos_filtered,HDP2,38,c_uci,-13.132314044693244
20250921-205356,pos_filtered,HDP2,39,c_uci,-13.003024039473917
20250921-205356,pos_filtered,HDP2,40,c_uci,-12.940003382185305
20250921-205356,pos_filtered,HDP2,41,c_uci,-13.099930685727816
20250921-205356,pos_filtered,HDP2,42,c_uci,-13.798030708159606
20250921-205356,pos_filtered,HDP2,43,c_uci,-13.131404847665578
20250921-205356,pos_filtered,HDP2,44,c_uci,-13.03400577905194
20250921-205356,pos_filtered,HDP2,45,c_uci,-12.722752032615706
20250921-205356,pos_filtered,HDP2,46,c_uci,-13.414683263980566
20250921-205356,pos_filtered,HDP2,47,c_uci,-12.369689439282128
20250921-205356,pos_filtered,HDP2,48,c_uci,-12.980994621306522
20250921-205356,pos_filtered,HDP2,49,c_uci,-13.58032324360497
20250921-205356,pos_filtered,HDP2,50,c_uci,-13.002409833590441
20250921-205356,pos_filtered,HDP2,51,c_uci,-12.577510014760021
20250921-205356,pos_filtered,HDP2,52,c_uci,-13.123960005115716
20250921-205356,pos_filtered,HDP2,53,c_uci,-12.579694333368113
20250921-205356,pos_filtered,HDP2,54,c_uci,-13.488742445775674
20250921-205356,pos_filtered,HDP2,55,c_uci,-12.982667314983804
20250921-205356,pos_filtered,HDP2,56,c_uci,-13.281876402884729
20250921-205356,pos_filtered,HDP2,57,c_uci,-12.877825917034606
20250921-205356,pos_filtered,HDP2,58,c_uci,-13.158479625744286
20250921-205356,pos_filtered,HDP2,59,c_uci,-13.165477367497088
20250921-205356,pos_filtered,HDP2,60,c_uci,-13.318471212649927
20250921-205356,pos_filtered,HDP2,61,c_uci,-12.985909996449793
20250921-205356,pos_filtered,HDP2,62,c_uci,-12.71188761664815
20250921-205356,pos_filtered,HDP2,63,c_uci,-13.185048506207337
20250921-205356,pos_filtered,HDP2,64,c_uci,-13.138631988187234
20250921-205356,pos_filtered,HDP2,65,c_uci,-12.885524259068902
20250921-205356,pos_filtered,HDP2,66,c_uci,-13.00553354939417
20250921-205356,pos_filtered,HDP2,67,c_uci,-13.040032629021267
20250921-205356,pos_filtered,HDP2,68,c_uci,-12.498300540390241
20250921-205356,pos_filtered,HDP2,69,c_uci,-12.53875211114538
20250921-205356,pos_filtered,HDP2,70,c_uci,-12.21969722898939
20250921-205356,pos_filtered,HDP2,71,c_uci,-12.773604584044714
20250921-205356,pos_filtered,HDP2,72,c_uci,-12.552148236234643
20250921-205356,pos_filtered,HDP2,73,c_uci,-12.69143333978257
20250921-205356,pos_filtered,HDP2,74,c_uci,-12.674633209069286
20250921-205356,pos_filtered,HDP2,75,c_uci,-12.688238578638813
20250921-205356,pos_filtered,HDP2,76,c_uci,-11.938753877552463
20250921-205356,pos_filtered,HDP2,77,c_uci,-12.912498038340212
20250921-205356,pos_filtered,HDP2,78,c_uci,-12.966090161940153
20250921-205356,pos_filtered,HDP2,79,c_uci,-12.978003424054373
20250921-205356,pos_filtered,HDP2,80,c_uci,-13.016954969189268
20250921-205356,pos_filtered,HDP2,81,c_uci,-13.121798049310161
20250921-205356,pos_filtered,HDP2,82,c_uci,-13.200057483771625
20250921-205356,pos_filtered,HDP2,83,c_uci,-13.038543315887244
20250921-205356,pos_filtered,HDP2,84,c_uci,-12.733671986931258
20250921-205356,pos_filtered,HDP2,85,c_uci,-13.405765091802577
20250921-205356,pos_filtered,HDP2,86,c_uci,-12.979448136032438
20250921-205356,pos_filtered,HDP2,87,c_uci,-13.189365763960412
20250921-205356,pos_filtered,HDP2,88,c_uci,-12.833535968791079
20250921-205356,pos_filtered,HDP2,89,c_uci,-12.817916533103645
20250921-205356,pos_filtered,HDP2,90,c_uci,-13.4228393462158
20250921-205356,pos_filtered,HDP2,91,c_uci,-13.075000993324899
20250921-205356,pos_filtered,HDP2,92,c_uci,-12.926815311180642
20250921-205356,pos_filtered,HDP2,93,c_uci,-13.300639878429669
20250921-205356,pos_filtered,HDP2,94,c_uci,-12.769185439793905
20250921-205356,pos_filtered,HDP2,95,c_uci,-13.104889428911221
20250921-205356,pos_filtered,HDP2,96,c_uci,-13.01693771964489
20250921-205356,pos_filtered,HDP2,97,c_uci,-12.44810825485697
20250921-205356,pos_filtered,HDP2,98,c_uci,-13.535581901851142
20250921-205356,pos_filtered,HDP2,99,c_uci,-12.019177293855206
20250921-205356,lemmatized,LDA,0,c_v,0.5984609911936755
20250921-205356,lemmatized,LDA,1,c_v,0.6001472786781161
20250921-205356,lemmatized,LDA,2,c_v,0.4509315844240268
20250921-205356,lemmatized,LDA,3,c_v,0.6565234007865899
20250921-205356,lemmatized,LDA,4,c_v,0.46111662544596654
20250921-205356,lemmatized,LDA,5,c_v,0.4254928461255384
20250921-205356,lemmatized,LDA,6,c_v,0.4109246028446313
20250921-205356,lemmatized,LDA,7,c_v,0.4984340112480484
20250921-205356,lemmatized,LDA,8,c_v,0.5409854880156847
20250921-205356,lemmatized,LDA,9,c_v,0.5575458999535439
20250921-205356,lemmatized,LDA,10,c_v,0.4163260949165831
20250921-205356,lemmatized,LDA,11,c_v,0.3442075901234215
20250921-205356,lemmatized,LDA,12,c_v,0.5600173588347238
20250921-205356,lemmatized,LDA,13,c_v,0.4251010701563553
20250921-205356,lemmatized,LDA,14,c_v,0.7885069320846874
20250921-205356,lemmatized,LDA,15,c_v,0.43506460800265295
20250921-205356,lemmatized,LDA,16,c_v,0.47003799187168377
20250921-205356,lemmatized,LDA,17,c_v,0.30081286828913656
20250921-205356,lemmatized,LDA,18,c_v,0.4827443676261229
20250921-205356,lemmatized,LDA,19,c_v,0.34866432026492267
20250921-205356,lemmatized,LDA,20,c_v,0.5429498216551183
20250921-205356,lemmatized,LDA,21,c_v,0.43256033147892714
20250921-205356,lemmatized,LDA,22,c_v,0.4386989212942284
20250921-205356,lemmatized,LDA,23,c_v,0.6267628043170042
20250921-205356,lemmatized,LDA,24,c_v,0.3055779554254906
20250921-205356,lemmatized,LDA,0,u_mass,-4.419247177568038
20250921-205356,lemmatized,LDA,1,u_mass,-3.1404073103911636
20250921-205356,lemmatized,LDA,2,u_mass,-4.130451714081821
20250921-205356,lemmatized,LDA,3,u_mass,-2.743425588708009
20250921-205356,lemmatized,LDA,4,u_mass,-3.714377963573519
20250921-205356,lemmatized,LDA,5,u_mass,-6.314717743801944
20250921-205356,lemmatized,LDA,6,u_mass,-3.0991500272396046
20250921-205356,lemmatized,LDA,7,u_mass,-3.732601226681755
20250921-205356,lemmatized,LDA,8,u_mass,-3.1124411897433304
20250921-205356,lemmatized,LDA,9,u_mass,-3.2579031941014107
20250921-205356,lemmatized,LDA,10,u_mass,-3.871778990589939
20250921-205356,lemmatized,LDA,11,u_mass,-6.713943446816846
20250921-205356,lemmatized,LDA,12,u_mass,-2.7667642817018536
20250921-205356,lemmatized,LDA,13,u_mass,-4.007329390884652
20250921-205356,lemmatized,LDA,14,u_mass,-2.3053025883294493
20250921-205356,lemmatized,LDA,15,u_mass,-3.8670802071332337
20250921-205356,lemmatized,LDA,16,u_mass,-4.975195959101455
20250921-205356,lemmatized,LDA,17,u_mass,-4.343013813368077
20250921-205356,lemmatized,LDA,18,u_mass,-3.704738547426499
20250921-205356,lemmatized,LDA,19,u_mass,-5.504998407087958
20250921-205356,lemmatized,LDA,20,u_mass,-3.7451047825661967
20250921-205356,lemmatized,LDA,21,u_mass,-4.640778965133146
20250921-205356,lemmatized,LDA,22,u_mass,-3.82289235413857
20250921-205356,lemmatized,LDA,23,u_mass,-3.063197254637226
20250921-205356,lemmatized,LDA,24,u_mass,-4.985158105518784
20250921-205356,lemmatized,LDA,0,c_npmi,-0.0006672649173916879
20250921-205356,lemmatized,LDA,1,c_npmi,0.05510273516243346
20250921-205356,lemmatized,LDA,2,c_npmi,-0.10282580842208988
20250921-205356,lemmatized,LDA,3,c_npmi,0.027058999618985505
20250921-205356,lemmatized,LDA,4,c_npmi,-0.03903239627302915
20250921-205356,lemmatized,LDA,5,c_npmi,-0.12338059805447447
20250921-205356,lemmatized,LDA,6,c_npmi,-0.07507332861202659
20250921-205356,lemmatized,LDA,7,c_npmi,-0.03011224297903362
20250921-205356,lemmatized,LDA,8,c_npmi,-0.05928266981830688
20250921-205356,lemmatized,LDA,9,c_npmi,0.02779867561886113
20250921-205356,lemmatized,LDA,10,c_npmi,-0.0951711197723033
20250921-205356,lemmatized,LDA,11,c_npmi,-0.1363302996785893
20250921-205356,lemmatized,LDA,12,c_npmi,0.011926513534300747
20250921-205356,lemmatized,LDA,13,c_npmi,-0.008111807532170634
20250921-205356,lemmatized,LDA,14,c_npmi,0.11508323296162473
20250921-205356,lemmatized,LDA,15,c_npmi,-0.08904695978711406
20250921-205356,lemmatized,LDA,16,c_npmi,-0.04883793265129794
20250921-205356,lemmatized,LDA,17,c_npmi,-0.0993661527468969
20250921-205356,lemmatized,LDA,18,c_npmi,-0.06571494263609823
20250921-205356,lemmatized,LDA,19,c_npmi,-0.12746018930462477
20250921-205356,lemmatized,LDA,20,c_npmi,0.025810657148764383
20250921-205356,lemmatized,LDA,21,c_npmi,-0.13997162439971644
20250921-205356,lemmatized,LDA,22,c_npmi,-0.11275947887835105
20250921-205356,lemmatized,LDA,23,c_npmi,0.03321911554171106
20250921-205356,lemmatized,LDA,24,c_npmi,-0.10853905166500548
20250921-205356,lemmatized,LDA,0,c_uci,-1.8720039840806288
20250921-205356,lemmatized,LDA,1,c_uci,-0.38890629140114313
20250921-205356,lemmatized,LDA,2,c_uci,-3.678073518717491
20250921-205356,lemmatized,LDA,3,c_uci,-0.7562885140922132
20250921-205356,lemmatized,LDA,4,c_uci,-1.8941166959871067
20250921-205356,lemmatized,LDA,5,c_uci,-5.031659465940543
20250921-205356,lemmatized,LDA,6,c_uci,-2.0801072578967434
20250921-205356,lemmatized,LDA,7,c_uci,-2.1980976823331924
20250921-205356,lemmatized,LDA,8,c_uci,-2.4349709917367446
20250921-205356,lemmatized,LDA,9,c_uci,-1.0693738147960827
20250921-205356,lemmatized,LDA,10,c_uci,-3.451211008671723
20250921-205356,lemmatized,LDA,11,c_uci,-5.595296505771159
20250921-205356,lemmatized,LDA,12,c_uci,-0.9950215088906047
20250921-205356,lemmatized,LDA,13,c_uci,-1.8590567230513229
20250921-205356,lemmatized,LDA,14,c_uci,0.3787227635607862
20250921-205356,lemmatized,LDA,15,c_uci,-3.5157694851747383
20250921-205356,lemmatized,LDA,16,c_uci,-2.560795845422366
20250921-205356,lemmatized,LDA,17,c_uci,-3.199861464341472
20250921-205356,lemmatized,LDA,18,c_uci,-2.921102380432034
20250921-205356,lemmatized,LDA,19,c_uci,-4.18535661309355
20250921-205356,lemmatized,LDA,20,c_uci,-1.7645729757125306
20250921-205356,lemmatized,LDA,21,c_uci,-4.706335872647786
20250921-205356,lemmatized,LDA,22,c_uci,-3.969423776670472
20250921-205356,lemmatized,LDA,23,c_uci,-0.891764783776595
20250921-205356,lemmatized,LDA,24,c_uci,-3.641366649778278
20250921-205356,lemmatized,HDP1,0,c_v,0.5988399997126075
20250921-205356,lemmatized,HDP1,1,c_v,0.6106961639911523
20250921-205356,lemmatized,HDP1,2,c_v,0.6963803337572436
20250921-205356,lemmatized,HDP1,3,c_v,0.6333253969396088
20250921-205356,lemmatized,HDP1,4,c_v,0.751629213981248
20250921-205356,lemmatized,HDP1,5,c_v,0.7617599174233496
20250921-205356,lemmatized,HDP1,6,c_v,0.6418914804583967
20250921-205356,lemmatized,HDP1,7,c_v,0.7782730041184591
20250921-205356,lemmatized,HDP1,8,c_v,0.6498425797051832
20250921-205356,lemmatized,HDP1,9,c_v,0.7682150372399644
20250921-205356,lemmatized,HDP1,10,c_v,0.622076433330679
20250921-205356,lemmatized,HDP1,11,c_v,0.7423225400029713
20250921-205356,lemmatized,HDP1,12,c_v,0.6651923509970258
20250921-205356,lemmatized,HDP1,13,c_v,0.6603392024758186
20250921-205356,lemmatized,HDP1,14,c_v,0.6719612698780155
20250921-205356,lemmatized,HDP1,15,c_v,0.642377471462526
20250921-205356,lemmatized,HDP1,16,c_v,0.7148869015399557
20250921-205356,lemmatized,HDP1,17,c_v,0.6492356689706976
20250921-205356,lemmatized,HDP1,18,c_v,0.6868111352503422
20250921-205356,lemmatized,HDP1,19,c_v,0.7121132356902018
20250921-205356,lemmatized,HDP1,20,c_v,0.7223024961006329
20250921-205356,lemmatized,HDP1,21,c_v,0.7085568244036206
20250921-205356,lemmatized,HDP1,22,c_v,0.7163075618688339
20250921-205356,lemmatized,HDP1,23,c_v,0.6978685925670032
20250921-205356,lemmatized,HDP1,24,c_v,0.6633603766327099
20250921-205356,lemmatized,HDP1,0,u_mass,-16.31348827024618
20250921-205356,lemmatized,HDP1,1,u_mass,-16.621568891302886
20250921-205356,lemmatized,HDP1,2,u_mass,-18.66457584159574
20250921-205356,lemmatized,HDP1,3,u_mass,-17.029873512123608
20250921-205356,lemmatized,HDP1,4,u_mass,-20.806281672381388
20250921-205356,lemmatized,HDP1,5,u_mass,-20.843468356101614
20250921-205356,lemmatized,HDP1,6,u_mass,-17.91063355739076
20250921-205356,lemmatized,HDP1,7,u_mass,-21.224512968642596
20250921-205356,lemmatized,HDP1,8,u_mass,-17.404113386823532
20250921-205356,lemmatized,HDP1,9,u_mass,-20.954956512293702
20250921-205356,lemmatized,HDP1,10,u_mass,-16.67840243799373
20250921-205356,lemmatized,HDP1,11,u_mass,-20.648000319364385
20250921-205356,lemmatized,HDP1,12,u_mass,-18.31764370660861
20250921-205356,lemmatized,HDP1,13,u_mass,-17.19091992181721
20250921-205356,lemmatized,HDP1,14,u_mass,-17.51803212389007
20250921-205356,lemmatized,HDP1,15,u_mass,-17.584361459037257
20250921-205356,lemmatized,HDP1,16,u_mass,-19.434406605393814
20250921-205356,lemmatized,HDP1,17,u_mass,-17.178256756358206
20250921-205356,lemmatized,HDP1,18,u_mass,-19.403771411164033
20250921-205356,lemmatized,HDP1,19,u_mass,-19.340563067718342
20250921-205356,lemmatized,HDP1,20,u_mass,-19.58393409620691
20250921-205356,lemmatized,HDP1,21,u_mass,-19.347493855571983
20250921-205356,lemmatized,HDP1,22,u_mass,-18.852601744725987
20250921-205356,lemmatized,HDP1,23,u_mass,-19.730511319297765
20250921-205356,lemmatized,HDP1,24,u_mass,-18.209536206308563
20250921-205356,lemmatized,HDP1,0,c_npmi,-0.4334180311567677
20250921-205356,lemmatized,HDP1,1,c_npmi,-0.4227144864887268
20250921-205356,lemmatized,HDP1,2,c_npmi,-0.4587642027753687
20250921-205356,lemmatized,HDP1,3,c_npmi,-0.43874975193504157
20250921-205356,lemmatized,HDP1,4,c_npmi,-0.4448673612209116
20250921-205356,lemmatized,HDP1,5,c_npmi,-0.4660533997324336
20250921-205356,lemmatized,HDP1,6,c_npmi,-0.4414404667798961
20250921-205356,lemmatized,HDP1,7,c_npmi,-0.48033626691377357
20250921-205356,lemmatized,HDP1,8,c_npmi,-0.4429134493397156
20250921-205356,lemmatized,HDP1,9,c_npmi,-0.46471524136545833
20250921-205356,lemmatized,HDP1,10,c_npmi,-0.4657835530061709
20250921-205356,lemmatized,HDP1,11,c_npmi,-0.4753727266987798
20250921-205356,lemmatized,HDP1,12,c_npmi,-0.45371601070050727
20250921-205356,lemmatized,HDP1,13,c_npmi,-0.43584170622491186
20250921-205356,lemmatized,HDP1,14,c_npmi,-0.44712733853575376
20250921-205356,lemmatized,HDP1,15,c_npmi,-0.4506281724974907
20250921-205356,lemmatized,HDP1,16,c_npmi,-0.4568842060885825
20250921-205356,lemmatized,HDP1,17,c_npmi,-0.41791840974606825
20250921-205356,lemmatized,HDP1,18,c_npmi,-0.4791764627384565
20250921-205356,lemmatized,HDP1,19,c_npmi,-0.4804422907736707
20250921-205356,lemmatized,HDP1,20,c_npmi,-0.48317518554248706
20250921-205356,lemmatized,HDP1,21,c_npmi,-0.4786623103184196
20250921-205356,lemmatized,HDP1,22,c_npmi,-0.4636783891156359
20250921-205356,lemmatized,HDP1,23,c_npmi,-0.487064145674257
20250921-205356,lemmatized,HDP1,24,c_npmi,-0.4785404057077635
20250921-205356,lemmatized,HDP1,0,c_uci,-12.058410197287127
20250921-205356,lemmatized,HDP1,1,c_uci,-11.876465094006825
20250921-205356,lemmatized,HDP1,2,c_uci,-12.83009808094966
20250921-205356,lemmatized,HDP1,3,c_uci,-12.391118975890453
20250921-205356,lemmatized,HDP1,4,c_uci,-12.420640999449377
20250921-205356,lemmatized,HDP1,5,c_uci,-13.03767859770019
20250921-205356,lemmatized,HDP1,6,c_uci,-12.457615630148757
20250921-205356,lemmatized,HDP1,7,c_uci,-13.306946126425178
20250921-205356,lemmatized,HDP1,8,c_uci,-12.462105363428208
20250921-205356,lemmatized,HDP1,9,c_uci,-12.940774456587041
20250921-205356,lemmatized,HDP1,10,c_uci,-13.034936287076212
20250921-205356,lemmatized,HDP1,11,c_uci,-13.193302781262924
20250921-205356,lemmatized,HDP1,12,c_uci,-12.790251558170398
20250921-205356,lemmatized,HDP1,13,c_uci,-12.191430526993653
20250921-205356,lemmatized,HDP1,14,c_uci,-12.50695537102897
20250921-205356,lemmatized,HDP1,15,c_uci,-12.790068069770445
20250921-205356,lemmatized,HDP1,16,c_uci,-12.815887785957276
20250921-205356,lemmatized,HDP1,17,c_uci,-11.780172721422595
20250921-205356,lemmatized,HDP1,18,c_uci,-13.449327978353013
20250921-205356,lemmatized,HDP1,19,c_uci,-13.389957507153431
20250921-205356,lemmatized,HDP1,20,c_uci,-13.488255892970061
20250921-205356,lemmatized,HDP1,21,c_uci,-13.350608412944776
20250921-205356,lemmatized,HDP1,22,c_uci,-12.827610788123613
20250921-205356,lemmatized,HDP1,23,c_uci,-13.519084248513247
20250921-205356,lemmatized,HDP1,24,c_uci,-13.466120213411125
20250921-205356,lemmatized,HDP2,0,c_v,0.6915199663774432
20250921-205356,lemmatized,HDP2,1,c_v,0.6614302582385021
20250921-205356,lemmatized,HDP2,2,c_v,0.7143522134035163
20250921-205356,lemmatized,HDP2,3,c_v,0.6793883754558963
20250921-205356,lemmatized,HDP2,4,c_v,0.7478750191595257
20250921-205356,lemmatized,HDP2,5,c_v,0.6488761346944771
20250921-205356,lemmatized,HDP2,6,c_v,0.7123246362531919
20250921-205356,lemmatized,HDP2,7,c_v,0.7056525763852157
20250921-205356,lemmatized,HDP2,8,c_v,0.6734964051916
20250921-205356,lemmatized,HDP2,9,c_v,0.7105391767165219
20250921-205356,lemmatized,HDP2,10,c_v,0.6120490444104811
20250921-205356,lemmatized,HDP2,11,c_v,0.6776489819852494
20250921-205356,lemmatized,HDP2,12,c_v,0.6898181595917483
20250921-205356,lemmatized,HDP2,13,c_v,0.6548221835658208
20250921-205356,lemmatized,HDP2,14,c_v,0.6858558071251774
20250921-205356,lemmatized,HDP2,15,c_v,0.683895472874174
20250921-205356,lemmatized,HDP2,16,c_v,0.7292644065047046
20250921-205356,lemmatized,HDP2,17,c_v,0.7153976751216398
20250921-205356,lemmatized,HDP2,18,c_v,0.7152971597322824
20250921-205356,lemmatized,HDP2,19,c_v,0.6683131388933928
20250921-205356,lemmatized,HDP2,20,c_v,0.6765971353485241
20250921-205356,lemmatized,HDP2,21,c_v,0.705262148549736
20250921-205356,lemmatized,HDP2,22,c_v,0.6472139563326703
20250921-205356,lemmatized,HDP2,23,c_v,0.7158585944114636
20250921-205356,lemmatized,HDP2,24,c_v,0.7124416084390222
20250921-205356,lemmatized,HDP2,25,c_v,0.6884005368182315
20250921-205356,lemmatized,HDP2,26,c_v,0.7095350410864433
20250921-205356,lemmatized,HDP2,27,c_v,0.7403545804337587
20250921-205356,lemmatized,HDP2,28,c_v,0.6871465148568774
20250921-205356,lemmatized,HDP2,29,c_v,0.6234063057511069
20250921-205356,lemmatized,HDP2,30,c_v,0.7438835773512117
20250921-205356,lemmatized,HDP2,31,c_v,0.6049467884101821
20250921-205356,lemmatized,HDP2,32,c_v,0.683711226467923
20250921-205356,lemmatized,HDP2,33,c_v,0.7493167729028367
20250921-205356,lemmatized,HDP2,34,c_v,0.716563628823222
20250921-205356,lemmatized,HDP2,35,c_v,0.6041559911671492
20250921-205356,lemmatized,HDP2,36,c_v,0.6632953027647245
20250921-205356,lemmatized,HDP2,37,c_v,0.7003072170029159
20250921-205356,lemmatized,HDP2,38,c_v,0.6632351498968064
20250921-205356,lemmatized,HDP2,39,c_v,0.6724066084798788
20250921-205356,lemmatized,HDP2,40,c_v,0.7360717251851865
20250921-205356,lemmatized,HDP2,41,c_v,0.6354265209430301
20250921-205356,lemmatized,HDP2,42,c_v,0.7396751672365232
20250921-205356,lemmatized,HDP2,43,c_v,0.7187684636607
20250921-205356,lemmatized,HDP2,44,c_v,0.7173051463951291
20250921-205356,lemmatized,HDP2,45,c_v,0.57922418416489
20250921-205356,lemmatized,HDP2,46,c_v,0.67789360111265
20250921-205356,lemmatized,HDP2,47,c_v,0.7172896534167533
20250921-205356,lemmatized,HDP2,48,c_v,0.6741748997360175
20250921-205356,lemmatized,HDP2,49,c_v,0.7245523548422319
20250921-205356,lemmatized,HDP2,50,c_v,0.7006159638234892
20250921-205356,lemmatized,HDP2,51,c_v,0.7392742750655197
20250921-205356,lemmatized,HDP2,52,c_v,0.6692128072214045
20250921-205356,lemmatized,HDP2,53,c_v,0.7419022167244117
20250921-205356,lemmatized,HDP2,54,c_v,0.7091215641017975
20250921-205356,lemmatized,HDP2,55,c_v,0.6734583597911084
20250921-205356,lemmatized,HDP2,56,c_v,0.7212431712692877
20250921-205356,lemmatized,HDP2,57,c_v,0.6968470022383031
20250921-205356,lemmatized,HDP2,58,c_v,0.724168267963378
20250921-205356,lemmatized,HDP2,59,c_v,0.6250588815607564
20250921-205356,lemmatized,HDP2,60,c_v,0.7476732308674501
20250921-205356,lemmatized,HDP2,61,c_v,0.7370565094250632
20250921-205356,lemmatized,HDP2,62,c_v,0.6340190061900366
20250921-205356,lemmatized,HDP2,63,c_v,0.7378049378275793
20250921-205356,lemmatized,HDP2,64,c_v,0.7333123764099663
20250921-205356,lemmatized,HDP2,65,c_v,0.6414877456111852
20250921-205356,lemmatized,HDP2,66,c_v,0.7483585265243132
20250921-205356,lemmatized,HDP2,67,c_v,0.7046412620526611
20250921-205356,lemmatized,HDP2,68,c_v,0.6460798387297295
20250921-205356,lemmatized,HDP2,69,c_v,0.6999549463352464
20250921-205356,lemmatized,HDP2,70,c_v,0.6373922086905528
20250921-205356,lemmatized,HDP2,71,c_v,0.7091824204893635
20250921-205356,lemmatized,HDP2,72,c_v,0.635683764225098
20250921-205356,lemmatized,HDP2,73,c_v,0.7009118050908865
20250921-205356,lemmatized,HDP2,74,c_v,0.7132686816093222
20250921-205356,lemmatized,HDP2,75,c_v,0.6874789267728716
20250921-205356,lemmatized,HDP2,76,c_v,0.6760026099028994
20250921-205356,lemmatized,HDP2,77,c_v,0.7249874117849958
20250921-205356,lemmatized,HDP2,78,c_v,0.6360129955900076
20250921-205356,lemmatized,HDP2,79,c_v,0.5321058955661113
20250921-205356,lemmatized,HDP2,80,c_v,0.6532893451887378
20250921-205356,lemmatized,HDP2,81,c_v,0.6605270357754589
20250921-205356,lemmatized,HDP2,82,c_v,0.674034917597697
20250921-205356,lemmatized,HDP2,83,c_v,0.6416178165039027
20250921-205356,lemmatized,HDP2,84,c_v,0.7236474250355115
20250921-205356,lemmatized,HDP2,85,c_v,0.6965952232108933
20250921-205356,lemmatized,HDP2,86,c_v,0.7031336790880716
20250921-205356,lemmatized,HDP2,87,c_v,0.7215500810938276
20250921-205356,lemmatized,HDP2,88,c_v,0.64884536790073
20250921-205356,lemmatized,HDP2,89,c_v,0.7005285169665171
20250921-205356,lemmatized,HDP2,90,c_v,0.7523828952604357
20250921-205356,lemmatized,HDP2,91,c_v,0.6689121922861978
20250921-205356,lemmatized,HDP2,92,c_v,0.6986004605887699
20250921-205356,lemmatized,HDP2,93,c_v,0.6338909773591251
20250921-205356,lemmatized,HDP2,94,c_v,0.6785179262289068
20250921-205356,lemmatized,HDP2,95,c_v,0.7143443926262997
20250921-205356,lemmatized,HDP2,96,c_v,0.7056254861219904
20250921-205356,lemmatized,HDP2,97,c_v,0.7072897148228251
20250921-205356,lemmatized,HDP2,98,c_v,0.7444216390523618
20250921-205356,lemmatized,HDP2,99,c_v,0.6257400586097166
20250921-205356,lemmatized,HDP2,0,u_mass,-18.648072141206516
20250921-205356,lemmatized,HDP2,1,u_mass,-17.92372152737958
20250921-205356,lemmatized,HDP2,2,u_mass,-19.77880992483105
20250921-205356,lemmatized,HDP2,3,u_mass,-18.778594490739486
20250921-205356,lemmatized,HDP2,4,u_mass,-20.078396390552417
20250921-205356,lemmatized,HDP2,5,u_mass,-17.927278017321456
20250921-205356,lemmatized,HDP2,6,u_mass,-19.849221252677292
20250921-205356,lemmatized,HDP2,7,u_mass,-19.100284808639934
20250921-205356,lemmatized,HDP2,8,u_mass,-18.243477099648224
20250921-205356,lemmatized,HDP2,9,u_mass,-19.64814771127596
20250921-205356,lemmatized,HDP2,10,u_mass,-16.704749845452152
20250921-205356,lemmatized,HDP2,11,u_mass,-18.217002179459854
20250921-205356,lemmatized,HDP2,12,u_mass,-18.617469624391795
20250921-205356,lemmatized,HDP2,13,u_mass,-19.059886941141357
20250921-205356,lemmatized,HDP2,14,u_mass,-18.888033402666423
20250921-205356,lemmatized,HDP2,15,u_mass,-18.931579464277462
20250921-205356,lemmatized,HDP2,16,u_mass,-19.7282755963373
20250921-205356,lemmatized,HDP2,17,u_mass,-19.636343683160092
20250921-205356,lemmatized,HDP2,18,u_mass,-19.65464737509899
20250921-205356,lemmatized,HDP2,19,u_mass,-17.467916200274676
20250921-205356,lemmatized,HDP2,20,u_mass,-18.022722816301027
20250921-205356,lemmatized,HDP2,21,u_mass,-18.955272115141874
20250921-205356,lemmatized,HDP2,22,u_mass,-18.038717867360965
20250921-205356,lemmatized,HDP2,23,u_mass,-19.68858431816213
20250921-205356,lemmatized,HDP2,24,u_mass,-19.58557399744822
20250921-205356,lemmatized,HDP2,25,u_mass,-19.325845919880987
20250921-205356,lemmatized,HDP2,26,u_mass,-18.925562143715016
20250921-205356,lemmatized,HDP2,27,u_mass,-20.253156495802905
20250921-205356,lemmatized,HDP2,28,u_mass,-19.213480328420932
20250921-205356,lemmatized,HDP2,29,u_mass,-17.7064722129192
20250921-205356,lemmatized,HDP2,30,u_mass,-20.08439729226009
20250921-205356,lemmatized,HDP2,31,u_mass,-16.75761688052645
20250921-205356,lemmatized,HDP2,32,u_mass,-18.815485383195306
20250921-205356,lemmatized,HDP2,33,u_mass,-20.61654410554491
20250921-205356,lemmatized,HDP2,34,u_mass,-19.328683675942518
20250921-205356,lemmatized,HDP2,35,u_mass,-16.705521079664585
20250921-205356,lemmatized,HDP2,36,u_mass,-17.552821683472978
20250921-205356,lemmatized,HDP2,37,u_mass,-19.062716946178618
20250921-205356,lemmatized,HDP2,38,u_mass,-17.514873718475975
20250921-205356,lemmatized,HDP2,39,u_mass,-18.946204741043903
20250921-205356,lemmatized,HDP2,40,u_mass,-20.276140954083886
20250921-205356,lemmatized,HDP2,41,u_mass,-18.726039487556992
20250921-205356,lemmatized,HDP2,42,u_mass,-19.90570378666514
20250921-205356,lemmatized,HDP2,43,u_mass,-19.331264415629256
20250921-205356,lemmatized,HDP2,44,u_mass,-20.078409455326835
20250921-205356,lemmatized,HDP2,45,u_mass,-15.185178316996055
20250921-205356,lemmatized,HDP2,46,u_mass,-18.800422578043978
20250921-205356,lemmatized,HDP2,47,u_mass,-18.89126520630534
20250921-205356,lemmatized,HDP2,48,u_mass,-18.096626770982954
20250921-205356,lemmatized,HDP2,49,u_mass,-19.93266519820479
20250921-205356,lemmatized,HDP2,50,u_mass,-19.59093391618403
20250921-205356,lemmatized,HDP2,51,u_mass,-19.84541857651827
20250921-205356,lemmatized,HDP2,52,u_mass,-18.830914663775793
20250921-205356,lemmatized,HDP2,53,u_mass,-20.495722394954477
20250921-205356,lemmatized,HDP2,54,u_mass,-19.048777165186642
20250921-205356,lemmatized,HDP2,55,u_mass,-18.735382546949715
20250921-205356,lemmatized,HDP2,56,u_mass,-19.344440833073097
20250921-205356,lemmatized,HDP2,57,u_mass,-19.336047218177402
20250921-205356,lemmatized,HDP2,58,u_mass,-19.7593649229559
20250921-205356,lemmatized,HDP2,59,u_mass,-16.379900919458645
20250921-205356,lemmatized,HDP2,60,u_mass,-20.32405048236371
20250921-205356,lemmatized,HDP2,61,u_mass,-19.498593811123737
20250921-205356,lemmatized,HDP2,62,u_mass,-17.009270372464833
20250921-205356,lemmatized,HDP2,63,u_mass,-20.290930593625436
20250921-205356,lemmatized,HDP2,64,u_mass,-20.161937251241312
20250921-205356,lemmatized,HDP2,65,u_mass,-17.002789527311005
20250921-205356,lemmatized,HDP2,66,u_mass,-20.427951134718434
20250921-205356,lemmatized,HDP2,67,u_mass,-19.57799675309204
20250921-205356,lemmatized,HDP2,68,u_mass,-18.026351349429657
20250921-205356,lemmatized,HDP2,69,u_mass,-19.273408470818758
20250921-205356,lemmatized,HDP2,70,u_mass,-17.2135931415097
20250921-205356,lemmatized,HDP2,71,u_mass,-19.390740816984476
20250921-205356,lemmatized,HDP2,72,u_mass,-16.599481035232778
20250921-205356,lemmatized,HDP2,73,u_mass,-19.45085244269318
20250921-205356,lemmatized,HDP2,74,u_mass,-19.87204823124598
20250921-205356,lemmatized,HDP2,75,u_mass,-18.79064540410239
20250921-205356,lemmatized,HDP2,76,u_mass,-18.433909778654726
20250921-205356,lemmatized,HDP2,77,u_mass,-19.50936799487746
20250921-205356,lemmatized,HDP2,78,u_mass,-17.52281695039002
20250921-205356,lemmatized,HDP2,79,u_mass,-14.5611753999094
20250921-205356,lemmatized,HDP2,80,u_mass,-17.217466504270636
20250921-205356,lemmatized,HDP2,81,u_mass,-18.436641308549806
20250921-205356,lemmatized,HDP2,82,u_mass,-18.41793425401983
20250921-205356,lemmatized,HDP2,83,u_mass,-18.56255333435414
20250921-205356,lemmatized,HDP2,84,u_mass,-20.03711517657583
20250921-205356,lemmatized,HDP2,85,u_mass,-19.36311024133426
20250921-205356,lemmatized,HDP2,86,u_mass,-19.4334451804704
20250921-205356,lemmatized,HDP2,87,u_mass,-19.793201385318376
20250921-205356,lemmatized,HDP2,88,u_mass,-17.04779266675053
20250921-205356,lemmatized,HDP2,89,u_mass,-18.757202568989655
20250921-205356,lemmatized,HDP2,90,u_mass,-20.60129024806845
20250921-205356,lemmatized,HDP2,91,u_mass,-18.221113605679136
20250921-205356,lemmatized,HDP2,92,u_mass,-19.11257887518401
20250921-205356,lemmatized,HDP2,93,u_mass,-17.839767651539177
20250921-205356,lemmatized,HDP2,94,u_mass,-18.42185843059173
20250921-205356,lemmatized,HDP2,95,u_mass,-19.777159168875738
20250921-205356,lemmatized,HDP2,96,u_mass,-19.763005323320904
20250921-205356,lemmatized,HDP2,97,u_mass,-19.34031513081135
20250921-205356,lemmatized,HDP2,98,u_mass,-20.455428580409016
20250921-205356,lemmatized,HDP2,99,u_mass,-16.381899472198338
20250921-205356,lemmatized,HDP2,0,c_npmi,-0.4693897060615942
20250921-205356,lemmatized,HDP2,1,c_npmi,-0.4606384146044905
20250921-205356,lemmatized,HDP2,2,c_npmi,-0.46070147814799445
20250921-205356,lemmatized,HDP2,3,c_npmi,-0.4757440631822131
20250921-205356,lemmatized,HDP2,4,c_npmi,-0.460075284887726
20250921-205356,lemmatized,HDP2,5,c_npmi,-0.4493034139294584
20250921-205356,lemmatized,HDP2,6,c_npmi,-0.47612460000634005
20250921-205356,lemmatized,HDP2,7,c_npmi,-0.4589109550888133
20250921-205356,lemmatized,HDP2,8,c_npmi,-0.45154878724797465
20250921-205356,lemmatized,HDP2,9,c_npmi,-0.4564528846007526
20250921-205356,lemmatized,HDP2,10,c_npmi,-0.42873155777429245
20250921-205356,lemmatized,HDP2,11,c_npmi,-0.4434680032493821
20250921-205356,lemmatized,HDP2,12,c_npmi,-0.4716543464035691
20250921-205356,lemmatized,HDP2,13,c_npmi,-0.4327765656635725
20250921-205356,lemmatized,HDP2,14,c_npmi,-0.45582558690279046
20250921-205356,lemmatized,HDP2,15,c_npmi,-0.45242515364055713
20250921-205356,lemmatized,HDP2,16,c_npmi,-0.4529792142413605
20250921-205356,lemmatized,HDP2,17,c_npmi,-0.44597507838264566
20250921-205356,lemmatized,HDP2,18,c_npmi,-0.47493861889664296
20250921-205356,lemmatized,HDP2,19,c_npmi,-0.43104649920730426
20250921-205356,lemmatized,HDP2,20,c_npmi,-0.45141745838606756
20250921-205356,lemmatized,HDP2,21,c_npmi,-0.45742142621206067
20250921-205356,lemmatized,HDP2,22,c_npmi,-0.4489866572956868
20250921-205356,lemmatized,HDP2,23,c_npmi,-0.46765402113106086
20250921-205356,lemmatized,HDP2,24,c_npmi,-0.4712686183358776
20250921-205356,lemmatized,HDP2,25,c_npmi,-0.47642907062542833
20250921-205356,lemmatized,HDP2,26,c_npmi,-0.4487999476699738
20250921-205356,lemmatized,HDP2,27,c_npmi,-0.4837017383772896
20250921-205356,lemmatized,HDP2,28,c_npmi,-0.46030181690468247
20250921-205356,lemmatized,HDP2,29,c_npmi,-0.43882229717525445
20250921-205356,lemmatized,HDP2,30,c_npmi,-0.47076004273056055
20250921-205356,lemmatized,HDP2,31,c_npmi,-0.4589176795559783
20250921-205356,lemmatized,HDP2,32,c_npmi,-0.45845467860033207
20250921-205356,lemmatized,HDP2,33,c_npmi,-0.4720555511664682
20250921-205356,lemmatized,HDP2,34,c_npmi,-0.4747147764591583
20250921-205356,lemmatized,HDP2,35,c_npmi,-0.4150118503896097
20250921-205356,lemmatized,HDP2,36,c_npmi,-0.4784658408566328
20250921-205356,lemmatized,HDP2,37,c_npmi,-0.46275817472363845
20250921-205356,lemmatized,HDP2,38,c_npmi,-0.421034547507157
20250921-205356,lemmatized,HDP2,39,c_npmi,-0.4663720596313253
20250921-205356,lemmatized,HDP2,40,c_npmi,-0.48517506994354764
20250921-205356,lemmatized,HDP2,41,c_npmi,-0.4839713930048234
20250921-205356,lemmatized,HDP2,42,c_npmi,-0.4938915111232294
20250921-205356,lemmatized,HDP2,43,c_npmi,-0.4823481613360102
20250921-205356,lemmatized,HDP2,44,c_npmi,-0.4722540129932966
20250921-205356,lemmatized,HDP2,45,c_npmi,-0.4110262247554175
20250921-205356,lemmatized,HDP2,46,c_npmi,-0.45834076340362284
20250921-205356,lemmatized,HDP2,47,c_npmi,-0.44176353359430975
20250921-205356,lemmatized,HDP2,48,c_npmi,-0.481335978236241
20250921-205356,lemmatized,HDP2,49,c_npmi,-0.4770523875588368
20250921-205356,lemmatized,HDP2,50,c_npmi,-0.4890026517991388
20250921-205356,lemmatized,HDP2,51,c_npmi,-0.47073741834933663
20250921-205356,lemmatized,HDP2,52,c_npmi,-0.4632354150976688
20250921-205356,lemmatized,HDP2,53,c_npmi,-0.4878011945909347
20250921-205356,lemmatized,HDP2,54,c_npmi,-0.45407511508110454
20250921-205356,lemmatized,HDP2,55,c_npmi,-0.46084009244615676
20250921-205356,lemmatized,HDP2,56,c_npmi,-0.44449767980777977
20250921-205356,lemmatized,HDP2,57,c_npmi,-0.468806982087957
20250921-205356,lemmatized,HDP2,58,c_npmi,-0.4559773554686103
20250921-205356,lemmatized,HDP2,59,c_npmi,-0.45791114029395125
20250921-205356,lemmatized,HDP2,60,c_npmi,-0.46814357387364425
20250921-205356,lemmatized,HDP2,61,c_npmi,-0.45978226046365717
20250921-205356,lemmatized,HDP2,62,c_npmi,-0.42964629447226216
20250921-205356,lemmatized,HDP2,63,c_npmi,-0.46958616920267815
20250921-205356,lemmatized,HDP2,64,c_npmi,-0.43972081020013914
20250921-205356,lemmatized,HDP2,65,c_npmi,-0.4608451866956564
20250921-205356,lemmatized,HDP2,66,c_npmi,-0.463167367859797
20250921-205356,lemmatized,HDP2,67,c_npmi,-0.4625186879754399
20250921-205356,lemmatized,HDP2,68,c_npmi,-0.4487765534766425
20250921-205356,lemmatized,HDP2,69,c_npmi,-0.4441411649288343
20250921-205356,lemmatized,HDP2,70,c_npmi,-0.4492285736946903
20250921-205356,lemmatized,HDP2,71,c_npmi,-0.4583775570796324
20250921-205356,lemmatized,HDP2,72,c_npmi,-0.41090071124324323
20250921-205356,lemmatized,HDP2,73,c_npmi,-0.4775496464939302
20250921-205356,lemmatized,HDP2,74,c_npmi,-0.47654602031680104
20250921-205356,lemmatized,HDP2,75,c_npmi,-0.4443629943994084
20250921-205356,lemmatized,HDP2,76,c_npmi,-0.45209053031210866
20250921-205356,lemmatized,HDP2,77,c_npmi,-0.4570751300364844
20250921-205356,lemmatized,HDP2,78,c_npmi,-0.47636420592817025
20250921-205356,lemmatized,HDP2,79,c_npmi,-0.4142296046543949
20250921-205356,lemmatized,HDP2,80,c_npmi,-0.4186005085712338
20250921-205356,lemmatized,HDP2,81,c_npmi,-0.476834469604541
20250921-205356,lemmatized,HDP2,82,c_npmi,-0.43227322302024984
20250921-205356,lemmatized,HDP2,83,c_npmi,-0.4569551960473773
20250921-205356,lemmatized,HDP2,84,c_npmi,-0.47829897405678895
20250921-205356,lemmatized,HDP2,85,c_npmi,-0.45744276321202726
20250921-205356,lemmatized,HDP2,86,c_npmi,-0.4475027605214584
20250921-205356,lemmatized,HDP2,87,c_npmi,-0.4699138954900805
20250921-205356,lemmatized,HDP2,88,c_npmi,-0.45625466656777935
20250921-205356,lemmatized,HDP2,89,c_npmi,-0.4813526771956908
20250921-205356,lemmatized,HDP2,90,c_npmi,-0.47181914972198985
20250921-205356,lemmatized,HDP2,91,c_npmi,-0.4676478061269032
20250921-205356,lemmatized,HDP2,92,c_npmi,-0.47160142802993826
20250921-205356,lemmatized,HDP2,93,c_npmi,-0.446566820549966
20250921-205356,lemmatized,HDP2,94,c_npmi,-0.467565258086742
20250921-205356,lemmatized,HDP2,95,c_npmi,-0.45856467220484914
20250921-205356,lemmatized,HDP2,96,c_npmi,-0.4786936548308452
20250921-205356,lemmatized,HDP2,97,c_npmi,-0.4427779991664005
20250921-205356,lemmatized,HDP2,98,c_npmi,-0.4817821689476867
20250921-205356,lemmatized,HDP2,99,c_npmi,-0.44768189121045643
20250921-205356,lemmatized,HDP2,0,c_uci,-13.165985999701125
20250921-205356,lemmatized,HDP2,1,c_uci,-12.939480726772887
20250921-205356,lemmatized,HDP2,2,c_uci,-12.932562750127165
20250921-205356,lemmatized,HDP2,3,c_uci,-13.34662632451416
20250921-205356,lemmatized,HDP2,4,c_uci,-12.817911558698873
20250921-205356,lemmatized,HDP2,5,c_uci,-12.672900641389678
20250921-205356,lemmatized,HDP2,6,c_uci,-13.292879009685585
20250921-205356,lemmatized,HDP2,7,c_uci,-12.847052631351021
20250921-205356,lemmatized,HDP2,8,c_uci,-12.644035135564028
20250921-205356,lemmatized,HDP2,9,c_uci,-12.778711634142292
20250921-205356,lemmatized,HDP2,10,c_uci,-12.077464370592368
20250921-205356,lemmatized,HDP2,11,c_uci,-12.500368946496138
20250921-205356,lemmatized,HDP2,12,c_uci,-13.040461201163005
20250921-205356,lemmatized,HDP2,13,c_uci,-12.311468709137044
20250921-205356,lemmatized,HDP2,14,c_uci,-12.836736320254087
20250921-205356,lemmatized,HDP2,15,c_uci,-12.835278476831133
20250921-205356,lemmatized,HDP2,16,c_uci,-12.703110821388224
20250921-205356,lemmatized,HDP2,17,c_uci,-12.482511613356104
20250921-205356,lemmatized,HDP2,18,c_uci,-13.249862694997972
20250921-205356,lemmatized,HDP2,19,c_uci,-12.069441853333544
20250921-205356,lemmatized,HDP2,20,c_uci,-12.814368639303364
20250921-205356,lemmatized,HDP2,21,c_uci,-12.81723212943044
20250921-205356,lemmatized,HDP2,22,c_uci,-12.700752850753686
20250921-205356,lemmatized,HDP2,23,c_uci,-13.115650339294078
20250921-205356,lemmatized,HDP2,24,c_uci,-13.165360184178393
20250921-205356,lemmatized,HDP2,25,c_uci,-13.235510471263165
20250921-205356,lemmatized,HDP2,26,c_uci,-12.621431963558598
20250921-205356,lemmatized,HDP2,27,c_uci,-13.476667678405109
20250921-205356,lemmatized,HDP2,28,c_uci,-13.006892322533524
20250921-205356,lemmatized,HDP2,29,c_uci,-12.49981755173955
20250921-205356,lemmatized,HDP2,30,c_uci,-13.133723595950435
20250921-205356,lemmatized,HDP2,31,c_uci,-12.95772631845619
20250921-205356,lemmatized,HDP2,32,c_uci,-12.949495306464867
20250921-205356,lemmatized,HDP2,33,c_uci,-13.24592979876302
20250921-205356,lemmatized,HDP2,34,c_uci,-13.30119817453417
20250921-205356,lemmatized,HDP2,35,c_uci,-11.651340951226073
20250921-205356,lemmatized,HDP2,36,c_uci,-13.365107206935464
20250921-205356,lemmatized,HDP2,37,c_uci,-12.919281573814528
20250921-205356,lemmatized,HDP2,38,c_uci,-11.859413473834055
20250921-205356,lemmatized,HDP2,39,c_uci,-13.104409809525317
20250921-205356,lemmatized,HDP2,40,c_uci,-13.513797763626792
20250921-205356,lemmatized,HDP2,41,c_uci,-13.52719620582011
20250921-205356,lemmatized,HDP2,42,c_uci,-13.709083880851892
20250921-205356,lemmatized,HDP2,43,c_uci,-13.448175246566016
20250921-205356,lemmatized,HDP2,44,c_uci,-13.260319056455675
20250921-205356,lemmatized,HDP2,45,c_uci,-11.660491753968783
20250921-205356,lemmatized,HDP2,46,c_uci,-12.801884024729253
20250921-205356,lemmatized,HDP2,47,c_uci,-12.334338683170154
20250921-205356,lemmatized,HDP2,48,c_uci,-13.454206808708438
20250921-205356,lemmatized,HDP2,49,c_uci,-13.391335293776594
20250921-205356,lemmatized,HDP2,50,c_uci,-13.65241971059383
20250921-205356,lemmatized,HDP2,51,c_uci,-13.088006994706996
20250921-205356,lemmatized,HDP2,52,c_uci,-13.017717552879482
20250921-205356,lemmatized,HDP2,53,c_uci,-13.553961129490085
20250921-205356,lemmatized,HDP2,54,c_uci,-12.661020808639618
20250921-205356,lemmatized,HDP2,55,c_uci,-12.95634203927929
20250921-205356,lemmatized,HDP2,56,c_uci,-12.42342557268723
20250921-205356,lemmatized,HDP2,57,c_uci,-13.132610615913874
20250921-205356,lemmatized,HDP2,58,c_uci,-12.744721484144877
20250921-205356,lemmatized,HDP2,59,c_uci,-12.871503031667427
20250921-205356,lemmatized,HDP2,60,c_uci,-13.004193911228429
20250921-205356,lemmatized,HDP2,61,c_uci,-12.797894955989882
20250921-205356,lemmatized,HDP2,62,c_uci,-12.110777753533299
20250921-205356,lemmatized,HDP2,63,c_uci,-13.084302028147258
20250921-205356,lemmatized,HDP2,64,c_uci,-12.346733802606595
20250921-205356,lemmatized,HDP2,65,c_uci,-12.965961096464548
20250921-205356,lemmatized,HDP2,66,c_uci,-12.95665191423736
20250921-205356,lemmatized,HDP2,67,c_uci,-13.045162776410248
20250921-205356,lemmatized,HDP2,68,c_uci,-12.610165764794553
20250921-205356,lemmatized,HDP2,69,c_uci,-12.422873516707122
20250921-205356,lemmatized,HDP2,70,c_uci,-12.701066308818305
20250921-205356,lemmatized,HDP2,71,c_uci,-12.88252438156812
20250921-205356,lemmatized,HDP2,72,c_uci,-11.529465525849494
20250921-205356,lemmatized,HDP2,73,c_uci,-13.356673580148847
20250921-205356,lemmatized,HDP2,74,c_uci,-13.206304007748919
20250921-205356,lemmatized,HDP2,75,c_uci,-12.428272056376136
20250921-205356,lemmatized,HDP2,76,c_uci,-12.593214812989675
20250921-205356,lemmatized,HDP2,77,c_uci,-12.833298777893782
20250921-205356,lemmatized,HDP2,78,c_uci,-13.260885460228849
20250921-205356,lemmatized,HDP2,79,c_uci,-11.693321163752458
20250921-205356,lemmatized,HDP2,80,c_uci,-11.748376670733897
20250921-205356,lemmatized,HDP2,81,c_uci,-13.385670919966824
20250921-205356,lemmatized,HDP2,82,c_uci,-12.177275253013429
20250921-205356,lemmatized,HDP2,83,c_uci,-13.020881091195294
20250921-205356,lemmatized,HDP2,84,c_uci,-13.325519847576523
20250921-205356,lemmatized,HDP2,85,c_uci,-12.996143792881599
20250921-205356,lemmatized,HDP2,86,c_uci,-12.672956130893077
20250921-205356,lemmatized,HDP2,87,c_uci,-13.126152375953543
20250921-205356,lemmatized,HDP2,88,c_uci,-12.678591704037963
20250921-205356,lemmatized,HDP2,89,c_uci,-13.383470293102965
20250921-205356,lemmatized,HDP2,90,c_uci,-13.138536692283548
20250921-205356,lemmatized,HDP2,91,c_uci,-13.063481634854194
20250921-205356,lemmatized,HDP2,92,c_uci,-13.195795327388623
20250921-205356,lemmatized,HDP2,93,c_uci,-12.480545949353377
20250921-205356,lemmatized,HDP2,94,c_uci,-13.095012577818455
20250921-205356,lemmatized,HDP2,95,c_uci,-12.822863081430707
20250921-205356,lemmatized,HDP2,96,c_uci,-13.364478011148135
20250921-205356,lemmatized,HDP2,97,c_uci,-12.489494868301412
20250921-205356,lemmatized,HDP2,98,c_uci,-13.358103413099812
20250921-205356,lemmatized,HDP2,99,c_uci,-12.485269071046622
20250921-205356,with_ngrams,LDA,0,c_v,0.5843165779522762
20250921-205356,with_ngrams,LDA,1,c_v,0.7138711640102889
20250921-205356,with_ngrams,LDA,2,c_v,0.5921350072482582
20250921-205356,with_ngrams,LDA,3,c_v,0.7084313892948606
20250921-205356,with_ngrams,LDA,4,c_v,0.5736231431783239
20250921-205356,with_ngrams,LDA,5,c_v,0.4085185102207192
20250921-205356,with_ngrams,LDA,6,c_v,0.6051843908311039
20250921-205356,with_ngrams,LDA,7,c_v,0.30902677254211586
20250921-205356,with_ngrams,LDA,8,c_v,0.26076744071621927
20250921-205356,with_ngrams,LDA,9,c_v,0.3171152887478194
20250921-205356,with_ngrams,LDA,10,c_v,0.3659992706357929
20250921-205356,with_ngrams,LDA,11,c_v,0.4259668944226804
20250921-205356,with_ngrams,LDA,12,c_v,0.49554479029851706
20250921-205356,with_ngrams,LDA,13,c_v,0.5693287747791494
20250921-205356,with_ngrams,LDA,14,c_v,0.6281387869525106
20250921-205356,with_ngrams,LDA,15,c_v,0.39017871763753315
20250921-205356,with_ngrams,LDA,16,c_v,0.5182374246236368
20250921-205356,with_ngrams,LDA,17,c_v,0.6538019539556935
20250921-205356,with_ngrams,LDA,18,c_v,0.4235162563675958
20250921-205356,with_ngrams,LDA,19,c_v,0.34210361536738076
20250921-205356,with_ngrams,LDA,20,c_v,0.49037113511564306
20250921-205356,with_ngrams,LDA,21,c_v,0.46821039733943104
20250921-205356,with_ngrams,LDA,22,c_v,0.3655038660445111
20250921-205356,with_ngrams,LDA,23,c_v,0.534636640824205
20250921-205356,with_ngrams,LDA,24,c_v,0.5844322431722153
20250921-205356,with_ngrams,LDA,0,u_mass,-3.685282582903252
20250921-205356,with_ngrams,LDA,1,u_mass,-2.4190994959610985
20250921-205356,with_ngrams,LDA,2,u_mass,-3.3905897154212545
20250921-205356,with_ngrams,LDA,3,u_mass,-2.5883722307465318
20250921-205356,with_ngrams,LDA,4,u_mass,-3.3298832014301154
20250921-205356,with_ngrams,LDA,5,u_mass,-3.678462165208091
20250921-205356,with_ngrams,LDA,6,u_mass,-1.9270239393301842
20250921-205356,with_ngrams,LDA,7,u_mass,-4.166188511345615
20250921-205356,with_ngrams,LDA,8,u_mass,-5.536270474291394
20250921-205356,with_ngrams,LDA,9,u_mass,-7.074298232282526
20250921-205356,with_ngrams,LDA,10,u_mass,-5.0035373388090285
20250921-205356,with_ngrams,LDA,11,u_mass,-3.9454094834191857
20250921-205356,with_ngrams,LDA,12,u_mass,-4.065497310322016
20250921-205356,with_ngrams,LDA,13,u_mass,-3.074269265844562
20250921-205356,with_ngrams,LDA,14,u_mass,-3.4538804461880894
20250921-205356,with_ngrams,LDA,15,u_mass,-4.262335898263265
20250921-205356,with_ngrams,LDA,16,u_mass,-3.5672858367182676
20250921-205356,with_ngrams,LDA,17,u_mass,-2.602794743408107
20250921-205356,with_ngrams,LDA,18,u_mass,-4.293028079217161
20250921-205356,with_ngrams,LDA,19,u_mass,-4.533900638742896
20250921-205356,with_ngrams,LDA,20,u_mass,-3.7771368117224213
20250921-205356,with_ngrams,LDA,21,u_mass,-2.920193987258449
20250921-205356,with_ngrams,LDA,22,u_mass,-4.770529817391034
20250921-205356,with_ngrams,LDA,23,u_mass,-2.98743464403681
20250921-205356,with_ngrams,LDA,24,u_mass,-3.5385974445311046
20250921-205356,with_ngrams,LDA,0,c_npmi,0.017131388219018488
20250921-205356,with_ngrams,LDA,1,c_npmi,0.05765162539394319
20250921-205356,with_ngrams,LDA,2,c_npmi,0.010127814196365001
20250921-205356,with_ngrams,LDA,3,c_npmi,0.08101980182622857
20250921-205356,with_ngrams,LDA,4,c_npmi,-0.015131400515631143
20250921-205356,with_ngrams,LDA,5,c_npmi,-0.055255263343128226
20250921-205356,with_ngrams,LDA,6,c_npmi,0.0564639748208492
20250921-205356,with_ngrams,LDA,7,c_npmi,-0.08924232883110327
20250921-205356,with_ngrams,LDA,8,c_npmi,-0.17284950947156083
20250921-205356,with_ngrams,LDA,9,c_npmi,-0.23273412247081113
20250921-205356,with_ngrams,LDA,10,c_npmi,-0.08242948234269806
20250921-205356,with_ngrams,LDA,11,c_npmi,-0.08582620988510248
20250921-205356,with_ngrams,LDA,12,c_npmi,-0.08268069540157268
20250921-205356,with_ngrams,LDA,13,c_npmi,-0.010822430155968423
20250921-205356,with_ngrams,LDA,14,c_npmi,0.022266439478115865
20250921-205356,with_ngrams,LDA,15,c_npmi,-0.11648095621554296
20250921-205356,with_ngrams,LDA,16,c_npmi,-0.09754515391398234
20250921-205356,with_ngrams,LDA,17,c_npmi,0.007594965067296914
20250921-205356,with_ngrams,LDA,18,c_npmi,-0.07587799461775885
20250921-205356,with_ngrams,LDA,19,c_npmi,-0.14995899092261317
20250921-205356,with_ngrams,LDA,20,c_npmi,0.003042664337305542
20250921-205356,with_ngrams,LDA,21,c_npmi,-0.016128525857213354
20250921-205356,with_ngrams,LDA,22,c_npmi,-0.1011861799542815
20250921-205356,with_ngrams,LDA,23,c_npmi,-0.020231264221518847
20250921-205356,with_ngrams,LDA,24,c_npmi,-0.012743245501941709
20250921-205356,with_ngrams,LDA,0,c_uci,-1.568947987597927
20250921-205356,with_ngrams,LDA,1,c_uci,-0.45558777284409196
20250921-205356,with_ngrams,LDA,2,c_uci,-1.3209791702311438
20250921-205356,with_ngrams,LDA,3,c_uci,0.11409934593872449
20250921-205356,with_ngrams,LDA,4,c_uci,-1.8642906019499204
20250921-205356,with_ngrams,LDA,5,c_uci,-2.32617191984939
20250921-205356,with_ngrams,LDA,6,c_uci,0.18459556211579772
20250921-205356,with_ngrams,LDA,7,c_uci,-2.9901771646901674
20250921-205356,with_ngrams,LDA,8,c_uci,-5.183743321929651
20250921-205356,with_ngrams,LDA,9,c_uci,-6.953931015895772
20250921-205356,with_ngrams,LDA,10,c_uci,-3.686827650266505
20250921-205356,with_ngrams,LDA,11,c_uci,-3.397778021325258
20250921-205356,with_ngrams,LDA,12,c_uci,-3.246872302945378
20250921-205356,with_ngrams,LDA,13,c_uci,-1.2564429001495248
20250921-205356,with_ngrams,LDA,14,c_uci,-1.1224644184530057
20250921-205356,with_ngrams,LDA,15,c_uci,-3.8609407502083934
20250921-205356,with_ngrams,LDA,16,c_uci,-3.518081840552337
20250921-205356,with_ngrams,LDA,17,c_uci,-1.0961458121834202
20250921-205356,with_ngrams,LDA,18,c_uci,-2.6583021987552917
20250921-205356,with_ngrams,LDA,19,c_uci,-4.512161777444886
20250921-205356,with_ngrams,LDA,20,c_uci,-1.3140253537966706
20250921-205356,with_ngrams,LDA,21,c_uci,-0.9948293888719822
20250921-205356,with_ngrams,LDA,22,c_uci,-3.275585258643051
20250921-205356,with_ngrams,LDA,23,c_uci,-1.5665469768900717
20250921-205356,with_ngrams,LDA,24,c_uci,-1.8877134452579925
20250921-205356,with_ngrams,HDP1,0,c_v,0.7123192897101751
20250921-205356,with_ngrams,HDP1,1,c_v,0.6712552572437779
20250921-205356,with_ngrams,HDP1,2,c_v,0.7532715220178796
20250921-205356,with_ngrams,HDP1,3,c_v,0.710823222384985
20250921-205356,with_ngrams,HDP1,4,c_v,0.7109787331286508
20250921-205356,with_ngrams,HDP1,5,c_v,0.6908213191220864
20250921-205356,with_ngrams,HDP1,6,c_v,0.6788574792904746
20250921-205356,with_ngrams,HDP1,7,c_v,0.6647382856957542
20250921-205356,with_ngrams,HDP1,8,c_v,0.6422166067900191
20250921-205356,with_ngrams,HDP1,9,c_v,0.7399526927059852
20250921-205356,with_ngrams,HDP1,10,c_v,0.6776859113866038
20250921-205356,with_ngrams,HDP1,11,c_v,0.714784289136911
20250921-205356,with_ngrams,HDP1,12,c_v,0.686172957635999
20250921-205356,with_ngrams,HDP1,13,c_v,0.6521131154666266
20250921-205356,with_ngrams,HDP1,14,c_v,0.7256478042149024
20250921-205356,with_ngrams,HDP1,15,c_v,0.7183270203862359
20250921-205356,with_ngrams,HDP1,16,c_v,0.6494423728322094
20250921-205356,with_ngrams,HDP1,17,c_v,0.7281652753206511
20250921-205356,with_ngrams,HDP1,18,c_v,0.6430717778575572
20250921-205356,with_ngrams,HDP1,19,c_v,0.6518933188241027
20250921-205356,with_ngrams,HDP1,20,c_v,0.6721643562828085
20250921-205356,with_ngrams,HDP1,21,c_v,0.6334670561216426
20250921-205356,with_ngrams,HDP1,22,c_v,0.6677263563527803
20250921-205356,with_ngrams,HDP1,23,c_v,0.6534954778640042
20250921-205356,with_ngrams,HDP1,24,c_v,0.7305401715627129
20250921-205356,with_ngrams,HDP1,0,u_mass,-19.389876918246557
20250921-205356,with_ngrams,HDP1,1,u_mass,-19.026326217846716
20250921-205356,with_ngrams,HDP1,2,u_mass,-20.66781331376374
20250921-205356,with_ngrams,HDP1,3,u_mass,-20.142471964442347
20250921-205356,with_ngrams,HDP1,4,u_mass,-19.176580226090813
20250921-205356,with_ngrams,HDP1,5,u_mass,-19.25055497197736
20250921-205356,with_ngrams,HDP1,6,u_mass,-18.89134562830807
20250921-205356,with_ngrams,HDP1,7,u_mass,-17.71333442534946
20250921-205356,with_ngrams,HDP1,8,u_mass,-18.02678677836706
20250921-205356,with_ngrams,HDP1,9,u_mass,-20.026046687402413
20250921-205356,with_ngrams,HDP1,10,u_mass,-17.610504969726033
20250921-205356,with_ngrams,HDP1,11,u_mass,-19.87413076058791
20250921-205356,with_ngrams,HDP1,12,u_mass,-19.00427834675428
20250921-205356,with_ngrams,HDP1,13,u_mass,-17.817534376650286
20250921-205356,with_ngrams,HDP1,14,u_mass,-20.431690621100945
20250921-205356,with_ngrams,HDP1,15,u_mass,-19.31227140446114
20250921-205356,with_ngrams,HDP1,16,u_mass,-17.496391712854972
20250921-205356,with_ngrams,HDP1,17,u_mass,-20.156361650885458
20250921-205356,with_ngrams,HDP1,18,u_mass,-18.11364076039456
20250921-205356,with_ngrams,HDP1,19,u_mass,-17.562111570479058
20250921-205356,with_ngrams,HDP1,20,u_mass,-18.30724987900631
20250921-205356,with_ngrams,HDP1,21,u_mass,-17.203477828120345
20250921-205356,with_ngrams,HDP1,22,u_mass,-18.157235705753628
20250921-205356,with_ngrams,HDP1,23,u_mass,-18.112550302471956
20250921-205356,with_ngrams,HDP1,24,u_mass,-19.47025446554644
20250921-205356,with_ngrams,HDP1,0,c_npmi,-0.4502093925440903
20250921-205356,with_ngrams,HDP1,1,c_npmi,-0.46159510168809914
20250921-205356,with_ngrams,HDP1,2,c_npmi,-0.4920469184404307
20250921-205356,with_ngrams,HDP1,3,c_npmi,-0.4768358843527753
20250921-205356,with_ngrams,HDP1,4,c_npmi,-0.46617113200863863
20250921-205356,with_ngrams,HDP1,5,c_npmi,-0.46501850865363537
20250921-205356,with_ngrams,HDP1,6,c_npmi,-0.4532289297655723
20250921-205356,with_ngrams,HDP1,7,c_npmi,-0.46532305961050535
20250921-205356,with_ngrams,HDP1,8,c_npmi,-0.4714531571246753
20250921-205356,with_ngrams,HDP1,9,c_npmi,-0.48231981047796363
20250921-205356,with_ngrams,HDP1,10,c_npmi,-0.44643430314593324
20250921-205356,with_ngrams,HDP1,11,c_npmi,-0.48446964217106503
20250921-205356,with_ngrams,HDP1,12,c_npmi,-0.466287568809334
20250921-205356,with_ngrams,HDP1,13,c_npmi,-0.4367905999592559
20250921-205356,with_ngrams,HDP1,14,c_npmi,-0.48701198697284054
20250921-205356,with_ngrams,HDP1,15,c_npmi,-0.4666101879595887
20250921-205356,with_ngrams,HDP1,16,c_npmi,-0.4388983423975973
20250921-205356,with_ngrams,HDP1,17,c_npmi,-0.4569369070204049
20250921-205356,with_ngrams,HDP1,18,c_npmi,-0.4809245531950759
20250921-205356,with_ngrams,HDP1,19,c_npmi,-0.4451055219939788
20250921-205356,with_ngrams,HDP1,20,c_npmi,-0.47459066552642465
20250921-205356,with_ngrams,HDP1,21,c_npmi,-0.4533538521054812
20250921-205356,with_ngrams,HDP1,22,c_npmi,-0.4583562396738695
20250921-205356,with_ngrams,HDP1,23,c_npmi,-0.4674419308824208
20250921-205356,with_ngrams,HDP1,24,c_npmi,-0.4801878540438594
20250921-205356,with_ngrams,HDP1,0,c_uci,-12.668172450047596
20250921-205356,with_ngrams,HDP1,1,c_uci,-13.030897537474203
20250921-205356,with_ngrams,HDP1,2,c_uci,-13.656668488029716
20250921-205356,with_ngrams,HDP1,3,c_uci,-13.379098787756453
20250921-205356,with_ngrams,HDP1,4,c_uci,-13.04836296483601
20250921-205356,with_ngrams,HDP1,5,c_uci,-13.220419561207846
20250921-205356,with_ngrams,HDP1,6,c_uci,-12.842405790289963
20250921-205356,with_ngrams,HDP1,7,c_uci,-13.030217831872314
20250921-205356,with_ngrams,HDP1,8,c_uci,-13.275107016628422
20250921-205356,with_ngrams,HDP1,9,c_uci,-13.387060012248945
20250921-205356,with_ngrams,HDP1,10,c_uci,-12.391051271154936
20250921-205356,with_ngrams,HDP1,11,c_uci,-13.494951160679387
20250921-205356,with_ngrams,HDP1,12,c_uci,-13.049739282774542
20250921-205356,with_ngrams,HDP1,13,c_uci,-12.313895454765762
20250921-205356,with_ngrams,HDP1,14,c_uci,-13.477779106836705
20250921-205356,with_ngrams,HDP1,15,c_uci,-13.04089473021783
20250921-205356,with_ngrams,HDP1,16,c_uci,-12.408724262730217
20250921-205356,with_ngrams,HDP1,17,c_uci,-12.731922849548015
20250921-205356,with_ngrams,HDP1,18,c_uci,-13.452722829904243
20250921-205356,with_ngrams,HDP1,19,c_uci,-12.489313185707273
20250921-205356,with_ngrams,HDP1,20,c_uci,-13.24332019883368
20250921-205356,with_ngrams,HDP1,21,c_uci,-12.699686381295765
20250921-205356,with_ngrams,HDP1,22,c_uci,-12.843486918504334
20250921-205356,with_ngrams,HDP1,23,c_uci,-13.102420039734007
20250921-205356,with_ngrams,HDP1,24,c_uci,-13.361441282611569
20250921-205356,with_ngrams,HDP2,0,c_v,0.7729862970452277
20250921-205356,with_ngrams,HDP2,1,c_v,0.7052496440129509
20250921-205356,with_ngrams,HDP2,2,c_v,0.6490103758351292
20250921-205356,with_ngrams,HDP2,3,c_v,0.632877509074818
20250921-205356,with_ngrams,HDP2,4,c_v,0.7025562301374475
20250921-205356,with_ngrams,HDP2,5,c_v,0.6815853083552605
20250921-205356,with_ngrams,HDP2,6,c_v,0.750965500754728
20250921-205356,with_ngrams,HDP2,7,c_v,0.6472282778041036
20250921-205356,with_ngrams,HDP2,8,c_v,0.7096253472016337
20250921-205356,with_ngrams,HDP2,9,c_v,0.7145012874561587
20250921-205356,with_ngrams,HDP2,10,c_v,0.6862869577517463
20250921-205356,with_ngrams,HDP2,11,c_v,0.747145318492695
20250921-205356,with_ngrams,HDP2,12,c_v,0.574100507693853
20250921-205356,with_ngrams,HDP2,13,c_v,0.6771825752365663
20250921-205356,with_ngrams,HDP2,14,c_v,0.6641708317793089
20250921-205356,with_ngrams,HDP2,15,c_v,0.7452822259636103
20250921-205356,with_ngrams,HDP2,16,c_v,0.7494096399812473
20250921-205356,with_ngrams,HDP2,17,c_v,0.7119163842103429
20250921-205356,with_ngrams,HDP2,18,c_v,0.7257991494645923
20250921-205356,with_ngrams,HDP2,19,c_v,0.7131071972712355
20250921-205356,with_ngrams,HDP2,20,c_v,0.7235623858881806
20250921-205356,with_ngrams,HDP2,21,c_v,0.6930828114102894
20250921-205356,with_ngrams,HDP2,22,c_v,0.6060322013175378
20250921-205356,with_ngrams,HDP2,23,c_v,0.7167086835960961
20250921-205356,with_ngrams,HDP2,24,c_v,0.7034458163040304
20250921-205356,with_ngrams,HDP2,25,c_v,0.6590209238361121
20250921-205356,with_ngrams,HDP2,26,c_v,0.5925359028269817
20250921-205356,with_ngrams,HDP2,27,c_v,0.6161892485467433
20250921-205356,with_ngrams,HDP2,28,c_v,0.7203650199447116
20250921-205356,with_ngrams,HDP2,29,c_v,0.6828077458188677
20250921-205356,with_ngrams,HDP2,30,c_v,0.6587004965181454
20250921-205356,with_ngrams,HDP2,31,c_v,0.5982831665092664
20250921-205356,with_ngrams,HDP2,32,c_v,0.6352618079819997
20250921-205356,with_ngrams,HDP2,33,c_v,0.651408981246558
20250921-205356,with_ngrams,HDP2,34,c_v,0.6613347661244282
20250921-205356,with_ngrams,HDP2,35,c_v,0.6691368465968808
20250921-205356,with_ngrams,HDP2,36,c_v,0.6849440600500355
20250921-205356,with_ngrams,HDP2,37,c_v,0.6762828163700506
20250921-205356,with_ngrams,HDP2,38,c_v,0.732398001114154
20250921-205356,with_ngrams,HDP2,39,c_v,0.6196967226511565
20250921-205356,with_ngrams,HDP2,40,c_v,0.7303436840399926
20250921-205356,with_ngrams,HDP2,41,c_v,0.7784676846766102
20250921-205356,with_ngrams,HDP2,42,c_v,0.712974513347526
20250921-205356,with_ngrams,HDP2,43,c_v,0.6145702864134808
20250921-205356,with_ngrams,HDP2,44,c_v,0.6874527770327719
20250921-205356,with_ngrams,HDP2,45,c_v,0.7438614126040582
20250921-205356,with_ngrams,HDP2,46,c_v,0.6929242885918933
20250921-205356,with_ngrams,HDP2,47,c_v,0.6647410501161086
20250921-205356,with_ngrams,HDP2,48,c_v,0.6608674614922615
20250921-205356,with_ngrams,HDP2,49,c_v,0.6791900893675601
20250921-205356,with_ngrams,HDP2,50,c_v,0.7013588948489726
20250921-205356,with_ngrams,HDP2,51,c_v,0.6967331359296511
20250921-205356,with_ngrams,HDP2,52,c_v,0.7160073796445924
20250921-205356,with_ngrams,HDP2,53,c_v,0.6707026853358526
20250921-205356,with_ngrams,HDP2,54,c_v,0.7028222727001936
20250921-205356,with_ngrams,HDP2,55,c_v,0.6905601256653847
20250921-205356,with_ngrams,HDP2,56,c_v,0.7206098175230562
20250921-205356,with_ngrams,HDP2,57,c_v,0.6912359935320098
20250921-205356,with_ngrams,HDP2,58,c_v,0.7198599712096477
20250921-205356,with_ngrams,HDP2,59,c_v,0.6200284601518938
20250921-205356,with_ngrams,HDP2,60,c_v,0.7698662806892467
20250921-205356,with_ngrams,HDP2,61,c_v,0.7034208771223557
20250921-205356,with_ngrams,HDP2,62,c_v,0.5644958348566252
20250921-205356,with_ngrams,HDP2,63,c_v,0.7269298047011613
20250921-205356,with_ngrams,HDP2,64,c_v,0.6613730906949489
20250921-205356,with_ngrams,HDP2,65,c_v,0.7301428417028477
20250921-205356,with_ngrams,HDP2,66,c_v,0.6949484592481966
20250921-205356,with_ngrams,HDP2,67,c_v,0.6747017355744552
20250921-205356,with_ngrams,HDP2,68,c_v,0.70727478443784
20250921-205356,with_ngrams,HDP2,69,c_v,0.6529336499311248
20250921-205356,with_ngrams,HDP2,70,c_v,0.7340330463548366
20250921-205356,with_ngrams,HDP2,71,c_v,0.667500667095494
20250921-205356,with_ngrams,HDP2,72,c_v,0.722221991829294
20250921-205356,with_ngrams,HDP2,73,c_v,0.6904743980719663
20250921-205356,with_ngrams,HDP2,74,c_v,0.6906743508067381
20250921-205356,with_ngrams,HDP2,75,c_v,0.6845816708331556
20250921-205356,with_ngrams,HDP2,76,c_v,0.6193128422618743
20250921-205356,with_ngrams,HDP2,77,c_v,0.6690443961404033
20250921-205356,with_ngrams,HDP2,78,c_v,0.6927450350573616
20250921-205356,with_ngrams,HDP2,79,c_v,0.7724624302415619
20250921-205356,with_ngrams,HDP2,80,c_v,0.6734866086427018
20250921-205356,with_ngrams,HDP2,81,c_v,0.7359665469604534
20250921-205356,with_ngrams,HDP2,82,c_v,0.6756323354569416
20250921-205356,with_ngrams,HDP2,83,c_v,0.7043074221814689
20250921-205356,with_ngrams,HDP2,84,c_v,0.748722822431105
20250921-205356,with_ngrams,HDP2,85,c_v,0.7471698159180912
20250921-205356,with_ngrams,HDP2,86,c_v,0.7314543315680854
20250921-205356,with_ngrams,HDP2,87,c_v,0.7034933789024963
20250921-205356,with_ngrams,HDP2,88,c_v,0.7177751196538413
20250921-205356,with_ngrams,HDP2,89,c_v,0.677571393255628
20250921-205356,with_ngrams,HDP2,90,c_v,0.7452521333706167
20250921-205356,with_ngrams,HDP2,91,c_v,0.6101980259358106
20250921-205356,with_ngrams,HDP2,92,c_v,0.6691784968935015
20250921-205356,with_ngrams,HDP2,93,c_v,0.7089282211552784
20250921-205356,with_ngrams,HDP2,94,c_v,0.6806449302636984
20250921-205356,with_ngrams,HDP2,95,c_v,0.5810691398578219
20250921-205356,with_ngrams,HDP2,96,c_v,0.6754179612804972
20250921-205356,with_ngrams,HDP2,97,c_v,0.591088667146205
20250921-205356,with_ngrams,HDP2,98,c_v,0.7057938323169285
20250921-205356,with_ngrams,HDP2,99,c_v,0.7075215821297068
20250921-205356,with_ngrams,HDP2,0,u_mass,-21.131483163320436
20250921-205356,with_ngrams,HDP2,1,u_mass,-19.392829974860664
20250921-205356,with_ngrams,HDP2,2,u_mass,-17.910662840552472
20250921-205356,with_ngrams,HDP2,3,u_mass,-17.81840299995724
20250921-205356,with_ngrams,HDP2,4,u_mass,-19.33019142112361
20250921-205356,with_ngrams,HDP2,5,u_mass,-18.426982521316337
20250921-205356,with_ngrams,HDP2,6,u_mass,-20.700220539857995
20250921-205356,with_ngrams,HDP2,7,u_mass,-17.198932983880677
20250921-205356,with_ngrams,HDP2,8,u_mass,-19.722767602896205
20250921-205356,with_ngrams,HDP2,9,u_mass,-19.24677003198409
20250921-205356,with_ngrams,HDP2,10,u_mass,-17.72975537952242
20250921-205356,with_ngrams,HDP2,11,u_mass,-20.333405399332335
20250921-205356,with_ngrams,HDP2,12,u_mass,-15.429287349040155
20250921-205356,with_ngrams,HDP2,13,u_mass,-19.15832189671367
20250921-205356,with_ngrams,HDP2,14,u_mass,-18.875063821910864
20250921-205356,with_ngrams,HDP2,15,u_mass,-20.700137805218354
20250921-205356,with_ngrams,HDP2,16,u_mass,-20.487600600545065
20250921-205356,with_ngrams,HDP2,17,u_mass,-19.24302679218488
20250921-205356,with_ngrams,HDP2,18,u_mass,-19.84545923486401
20250921-205356,with_ngrams,HDP2,19,u_mass,-19.167674934740134
20250921-205356,with_ngrams,HDP2,20,u_mass,-20.097439553589318
20250921-205356,with_ngrams,HDP2,21,u_mass,-18.643373068547337
20250921-205356,with_ngrams,HDP2,22,u_mass,-17.31820145956709
20250921-205356,with_ngrams,HDP2,23,u_mass,-19.883423461349313
20250921-205356,with_ngrams,HDP2,24,u_mass,-19.277287116477925
20250921-205356,with_ngrams,HDP2,25,u_mass,-17.645585813272856
20250921-205356,with_ngrams,HDP2,26,u_mass,-15.787051322461943
20250921-205356,with_ngrams,HDP2,27,u_mass,-17.504446850603497
20250921-205356,with_ngrams,HDP2,28,u_mass,-19.507355592573926
20250921-205356,with_ngrams,HDP2,29,u_mass,-18.549421051818175
20250921-205356,with_ngrams,HDP2,30,u_mass,-17.267118531098937
20250921-205356,with_ngrams,HDP2,31,u_mass,-16.325326915218174
20250921-205356,with_ngrams,HDP2,32,u_mass,-16.975064284509223
20250921-205356,with_ngrams,HDP2,33,u_mass,-18.493584839634867
20250921-205356,with_ngrams,HDP2,34,u_mass,-18.155967724462993
20250921-205356,with_ngrams,HDP2,35,u_mass,-18.00896144329725
20250921-205356,with_ngrams,HDP2,36,u_mass,-18.910170929468425
20250921-205356,with_ngrams,HDP2,37,u_mass,-18.634148136243233
20250921-205356,with_ngrams,HDP2,38,u_mass,-20.2150667316576
20250921-205356,with_ngrams,HDP2,39,u_mass,-17.22321527791574
20250921-205356,with_ngrams,HDP2,40,u_mass,-20.416347827121108
20250921-205356,with_ngrams,HDP2,41,u_mass,-21.119345552066537
20250921-205356,with_ngrams,HDP2,42,u_mass,-19.691144274149547
20250921-205356,with_ngrams,HDP2,43,u_mass,-16.928851738348236
20250921-205356,with_ngrams,HDP2,44,u_mass,-18.388170278915627
20250921-205356,with_ngrams,HDP2,45,u_mass,-20.195190675421617
20250921-205356,with_ngrams,HDP2,46,u_mass,-18.657629696663925
20250921-205356,with_ngrams,HDP2,47,u_mass,-18.370972105063448
20250921-205356,with_ngrams,HDP2,48,u_mass,-17.957258490496514
20250921-205356,with_ngrams,HDP2,49,u_mass,-18.680870956380677
20250921-205356,with_ngrams,HDP2,50,u_mass,-18.81001677910848
20250921-205356,with_ngrams,HDP2,51,u_mass,-19.260956737375952
20250921-205356,with_ngrams,HDP2,52,u_mass,-19.693280008726564
20250921-205356,with_ngrams,HDP2,53,u_mass,-18.398924238471345
20250921-205356,with_ngrams,HDP2,54,u_mass,-19.532084665534406
20250921-205356,with_ngrams,HDP2,55,u_mass,-18.867731557156073
20250921-205356,with_ngrams,HDP2,56,u_mass,-19.456235828993048
20250921-205356,with_ngrams,HDP2,57,u_mass,-19.444724778129526
20250921-205356,with_ngrams,HDP2,58,u_mass,-20.143318662832016
20250921-205356,with_ngrams,HDP2,59,u_mass,-16.90188316789159
20250921-205356,with_ngrams,HDP2,60,u_mass,-21.02739976044121
20250921-205356,with_ngrams,HDP2,61,u_mass,-19.571388489340325
20250921-205356,with_ngrams,HDP2,62,u_mass,-16.44662265784666
20250921-205356,with_ngrams,HDP2,63,u_mass,-20.188865725114514
20250921-205356,with_ngrams,HDP2,64,u_mass,-18.11925991166605
20250921-205356,with_ngrams,HDP2,65,u_mass,-20.080669462003094
20250921-205356,with_ngrams,HDP2,66,u_mass,-18.929312195983613
20250921-205356,with_ngrams,HDP2,67,u_mass,-19.24265597747581
20250921-205356,with_ngrams,HDP2,68,u_mass,-19.15376156738822
20250921-205356,with_ngrams,HDP2,69,u_mass,-17.8409035793865
20250921-205356,with_ngrams,HDP2,70,u_mass,-19.966416169410213
20250921-205356,with_ngrams,HDP2,71,u_mass,-18.300887248044337
20250921-205356,with_ngrams,HDP2,72,u_mass,-19.453398411001483
20250921-205356,with_ngrams,HDP2,73,u_mass,-19.113278909841554
20250921-205356,with_ngrams,HDP2,74,u_mass,-19.114952550117277
20250921-205356,with_ngrams,HDP2,75,u_mass,-19.30463771185426
20250921-205356,with_ngrams,HDP2,76,u_mass,-17.152125328984738
20250921-205356,with_ngrams,HDP2,77,u_mass,-18.697825342279344
20250921-205356,with_ngrams,HDP2,78,u_mass,-19.573669935258486
20250921-205356,with_ngrams,HDP2,79,u_mass,-20.986786586679916
20250921-205356,with_ngrams,HDP2,80,u_mass,-18.29006915183978
20250921-205356,with_ngrams,HDP2,81,u_mass,-19.972908535117337
20250921-205356,with_ngrams,HDP2,82,u_mass,-18.30326409178256
20250921-205356,with_ngrams,HDP2,83,u_mass,-19.322963016825742
20250921-205356,with_ngrams,HDP2,84,u_mass,-19.927367782213093
20250921-205356,with_ngrams,HDP2,85,u_mass,-20.442462457158307
20250921-205356,with_ngrams,HDP2,86,u_mass,-20.249694297268995
20250921-205356,with_ngrams,HDP2,87,u_mass,-19.943557806899328
20250921-205356,with_ngrams,HDP2,88,u_mass,-18.593710571881896
20250921-205356,with_ngrams,HDP2,89,u_mass,-18.611113929332515
20250921-205356,with_ngrams,HDP2,90,u_mass,-20.225345769812964
20250921-205356,with_ngrams,HDP2,91,u_mass,-17.351928796781145
20250921-205356,with_ngrams,HDP2,92,u_mass,-17.985118387092054
20250921-205356,with_ngrams,HDP2,93,u_mass,-19.39967165122754
20250921-205356,with_ngrams,HDP2,94,u_mass,-18.638864434491868
20250921-205356,with_ngrams,HDP2,95,u_mass,-15.412986842994204
20250921-205356,with_ngrams,HDP2,96,u_mass,-18.78724132125633
20250921-205356,with_ngrams,HDP2,97,u_mass,-16.96725227515012
20250921-205356,with_ngrams,HDP2,98,u_mass,-19.380775705951674
20250921-205356,with_ngrams,HDP2,99,u_mass,-19.4727004055157
20250921-205356,with_ngrams,HDP2,0,c_npmi,-0.4767484650492972
20250921-205356,with_ngrams,HDP2,1,c_npmi,-0.4711492048373389
20250921-205356,with_ngrams,HDP2,2,c_npmi,-0.480716578158282
20250921-205356,with_ngrams,HDP2,3,c_npmi,-0.452356554645964
20250921-205356,with_ngrams,HDP2,4,c_npmi,-0.4979390252304473
20250921-205356,with_ngrams,HDP2,5,c_npmi,-0.4698122206316024
20250921-205356,with_ngrams,HDP2,6,c_npmi,-0.49057093081605524
20250921-205356,with_ngrams,HDP2,7,c_npmi,-0.4115367754620424
20250921-205356,with_ngrams,HDP2,8,c_npmi,-0.4808790540528171
20250921-205356,with_ngrams,HDP2,9,c_npmi,-0.46421864940577556
20250921-205356,with_ngrams,HDP2,10,c_npmi,-0.43273675220489505
20250921-205356,with_ngrams,HDP2,11,c_npmi,-0.47351242749040906
20250921-205356,with_ngrams,HDP2,12,c_npmi,-0.4105087866705103
20250921-205356,with_ngrams,HDP2,13,c_npmi,-0.4685546283109907
20250921-205356,with_ngrams,HDP2,14,c_npmi,-0.4631382368816402
20250921-205356,with_ngrams,HDP2,15,c_npmi,-0.477189976285121
20250921-205356,with_ngrams,HDP2,16,c_npmi,-0.4612792354599732
20250921-205356,with_ngrams,HDP2,17,c_npmi,-0.4540778649760293
20250921-205356,with_ngrams,HDP2,18,c_npmi,-0.4689439865767651
20250921-205356,with_ngrams,HDP2,19,c_npmi,-0.47188271784712477
20250921-205356,with_ngrams,HDP2,20,c_npmi,-0.4700444684010173
20250921-205356,with_ngrams,HDP2,21,c_npmi,-0.44751008555424737
20250921-205356,with_ngrams,HDP2,22,c_npmi,-0.47598158032848276
20250921-205356,with_ngrams,HDP2,23,c_npmi,-0.4634647739071359
20250921-205356,with_ngrams,HDP2,24,c_npmi,-0.4575171469023222
20250921-205356,with_ngrams,HDP2,25,c_npmi,-0.44154397588891237
20250921-205356,with_ngrams,HDP2,26,c_npmi,-0.4253269174607097
20250921-205356,with_ngrams,HDP2,27,c_npmi,-0.4430820852020507
20250921-205356,with_ngrams,HDP2,28,c_npmi,-0.49420803459450124
20250921-205356,with_ngrams,HDP2,29,c_npmi,-0.46401426170442633
20250921-205356,with_ngrams,HDP2,30,c_npmi,-0.4436924484082765
20250921-205356,with_ngrams,HDP2,31,c_npmi,-0.4289183398228345
20250921-205356,with_ngrams,HDP2,32,c_npmi,-0.4618539301907869
20250921-205356,with_ngrams,HDP2,33,c_npmi,-0.4364352975158836
20250921-205356,with_ngrams,HDP2,34,c_npmi,-0.46840851184588495
20250921-205356,with_ngrams,HDP2,35,c_npmi,-0.4839675452050579
20250921-205356,with_ngrams,HDP2,36,c_npmi,-0.44380536144365396
20250921-205356,with_ngrams,HDP2,37,c_npmi,-0.4468829233919097
20250921-205356,with_ngrams,HDP2,38,c_npmi,-0.46328786520265847
20250921-205356,with_ngrams,HDP2,39,c_npmi,-0.4367843664365141
20250921-205356,with_ngrams,HDP2,40,c_npmi,-0.4857224508276202
20250921-205356,with_ngrams,HDP2,41,c_npmi,-0.47729110233716837
20250921-205356,with_ngrams,HDP2,42,c_npmi,-0.4540098191689566
20250921-205356,with_ngrams,HDP2,43,c_npmi,-0.4156426612504191
20250921-205356,with_ngrams,HDP2,44,c_npmi,-0.4491821634936496
20250921-205356,with_ngrams,HDP2,45,c_npmi,-0.4678404953314561
20250921-205356,with_ngrams,HDP2,46,c_npmi,-0.45750121418788436
20250921-205356,with_ngrams,HDP2,47,c_npmi,-0.46244104534841185
20250921-205356,with_ngrams,HDP2,48,c_npmi,-0.4351225431807287
20250921-205356,with_ngrams,HDP2,49,c_npmi,-0.46388254219058817
20250921-205356,with_ngrams,HDP2,50,c_npmi,-0.4357140597219272
20250921-205356,with_ngrams,HDP2,51,c_npmi,-0.44389230690510945
20250921-205356,with_ngrams,HDP2,52,c_npmi,-0.47701967908547754
20250921-205356,with_ngrams,HDP2,53,c_npmi,-0.45964089661224633
20250921-205356,with_ngrams,HDP2,54,c_npmi,-0.4697905346837707
20250921-205356,with_ngrams,HDP2,55,c_npmi,-0.45331251285177393
20250921-205356,with_ngrams,HDP2,56,c_npmi,-0.47429720033270517
20250921-205356,with_ngrams,HDP2,57,c_npmi,-0.4521299072309514
20250921-205356,with_ngrams,HDP2,58,c_npmi,-0.4592490862161861
20250921-205356,with_ngrams,HDP2,59,c_npmi,-0.4401508998797716
20250921-205356,with_ngrams,HDP2,60,c_npmi,-0.47465347102823097
20250921-205356,with_ngrams,HDP2,61,c_npmi,-0.44340624737399714
20250921-205356,with_ngrams,HDP2,62,c_npmi,-0.41519260717069856
20250921-205356,with_ngrams,HDP2,63,c_npmi,-0.4766692132440993
20250921-205356,with_ngrams,HDP2,64,c_npmi,-0.44223740435957015
20250921-205356,with_ngrams,HDP2,65,c_npmi,-0.4907936020374331
20250921-205356,with_ngrams,HDP2,66,c_npmi,-0.46824948697337265
20250921-205356,with_ngrams,HDP2,67,c_npmi,-0.4686863787107522
20250921-205356,with_ngrams,HDP2,68,c_npmi,-0.47262860492581654
20250921-205356,with_ngrams,HDP2,69,c_npmi,-0.47011590086349153
20250921-205356,with_ngrams,HDP2,70,c_npmi,-0.4791939627018228
20250921-205356,with_ngrams,HDP2,71,c_npmi,-0.4343715298140602
20250921-205356,with_ngrams,HDP2,72,c_npmi,-0.48478622861829235
20250921-205356,with_ngrams,HDP2,73,c_npmi,-0.479750648105257
20250921-205356,with_ngrams,HDP2,74,c_npmi,-0.46837362891254186
20250921-205356,with_ngrams,HDP2,75,c_npmi,-0.46493854114830524
20250921-205356,with_ngrams,HDP2,76,c_npmi,-0.42797914037605567
20250921-205356,with_ngrams,HDP2,77,c_npmi,-0.4535449014842536
20250921-205356,with_ngrams,HDP2,78,c_npmi,-0.4672701392479549
20250921-205356,with_ngrams,HDP2,79,c_npmi,-0.4808695878372389
20250921-205356,with_ngrams,HDP2,80,c_npmi,-0.4654265483072928
20250921-205356,with_ngrams,HDP2,81,c_npmi,-0.47011368804785525
20250921-205356,with_ngrams,HDP2,82,c_npmi,-0.434865046187795
20250921-205356,with_ngrams,HDP2,83,c_npmi,-0.45865681882122766
20250921-205356,with_ngrams,HDP2,84,c_npmi,-0.4656245063923464
20250921-205356,with_ngrams,HDP2,85,c_npmi,-0.4968515890016316
20250921-205356,with_ngrams,HDP2,86,c_npmi,-0.49400645261844917
20250921-205356,with_ngrams,HDP2,87,c_npmi,-0.45415288525410524
20250921-205356,with_ngrams,HDP2,88,c_npmi,-0.46702257855096524
20250921-205356,with_ngrams,HDP2,89,c_npmi,-0.4792169308733291
20250921-205356,with_ngrams,HDP2,90,c_npmi,-0.4685096753194673
20250921-205356,with_ngrams,HDP2,91,c_npmi,-0.45091014635950566
20250921-205356,with_ngrams,HDP2,92,c_npmi,-0.45123161943016193
20250921-205356,with_ngrams,HDP2,93,c_npmi,-0.46990177626631047
20250921-205356,with_ngrams,HDP2,94,c_npmi,-0.46065612584696725
20250921-205356,with_ngrams,HDP2,95,c_npmi,-0.42496985222024103
20250921-205356,with_ngrams,HDP2,96,c_npmi,-0.471953038418752
20250921-205356,with_ngrams,HDP2,97,c_npmi,-0.4555413500878144
20250921-205356,with_ngrams,HDP2,98,c_npmi,-0.4603998557204546
20250921-205356,with_ngrams,HDP2,99,c_npmi,-0.4766153537261059
20250921-205356,with_ngrams,HDP2,0,c_uci,-13.273036927454894
20250921-205356,with_ngrams,HDP2,1,c_uci,-13.19067090082966
20250921-205356,with_ngrams,HDP2,2,c_uci,-13.527697783411073
20250921-205356,with_ngrams,HDP2,3,c_uci,-12.810701398817757
20250921-205356,with_ngrams,HDP2,4,c_uci,-13.857753003826984
20250921-205356,with_ngrams,HDP2,5,c_uci,-13.25088839446315
20250921-205356,with_ngrams,HDP2,6,c_uci,-13.639843599002994
20250921-205356,with_ngrams,HDP2,7,c_uci,-11.621040540162738
20250921-205356,with_ngrams,HDP2,8,c_uci,-13.332411132582946
20250921-205356,with_ngrams,HDP2,9,c_uci,-12.957926493024138
20250921-205356,with_ngrams,HDP2,10,c_uci,-12.145243888078891
20250921-205356,with_ngrams,HDP2,11,c_uci,-13.232393435817993
20250921-205356,with_ngrams,HDP2,12,c_uci,-11.554828437279967
20250921-205356,with_ngrams,HDP2,13,c_uci,-13.073578606978625
20250921-205356,with_ngrams,HDP2,14,c_uci,-13.063205636754379
20250921-205356,with_ngrams,HDP2,15,c_uci,-13.297166201568244
20250921-205356,with_ngrams,HDP2,16,c_uci,-12.907650642003112
20250921-205356,with_ngrams,HDP2,17,c_uci,-12.788353422797593
20250921-205356,with_ngrams,HDP2,18,c_uci,-13.125602807205158
20250921-205356,with_ngrams,HDP2,19,c_uci,-13.143758263966907
20250921-205356,with_ngrams,HDP2,20,c_uci,-13.102752475560052
20250921-205356,with_ngrams,HDP2,21,c_uci,-12.603559537025975
20250921-205356,with_ngrams,HDP2,22,c_uci,-13.399616459743825
20250921-205356,with_ngrams,HDP2,23,c_uci,-12.949612046044571
20250921-205356,with_ngrams,HDP2,24,c_uci,-12.833607382909204
20250921-205356,with_ngrams,HDP2,25,c_uci,-12.309955751850575
20250921-205356,with_ngrams,HDP2,26,c_uci,-11.926014136883058
20250921-205356,with_ngrams,HDP2,27,c_uci,-12.464738659616152
20250921-205356,with_ngrams,HDP2,28,c_uci,-13.738380706245213
20250921-205356,with_ngrams,HDP2,29,c_uci,-12.952413621727947
20250921-205356,with_ngrams,HDP2,30,c_uci,-12.5124482845608
20250921-205356,with_ngrams,HDP2,31,c_uci,-12.189888211265206
20250921-205356,with_ngrams,HDP2,32,c_uci,-12.939723935901798
20250921-205356,with_ngrams,HDP2,33,c_uci,-12.43038553402368
20250921-205356,with_ngrams,HDP2,34,c_uci,-13.138247998099116
20250921-205356,with_ngrams,HDP2,35,c_uci,-13.437398307940207
20250921-205356,with_ngrams,HDP2,36,c_uci,-12.442995321532251
20250921-205356,with_ngrams,HDP2,37,c_uci,-12.639531336892098
20250921-205356,with_ngrams,HDP2,38,c_uci,-13.005964502496825
20250921-205356,with_ngrams,HDP2,39,c_uci,-12.271216599251511
20250921-205356,with_ngrams,HDP2,40,c_uci,-13.600525759960103
20250921-205356,with_ngrams,HDP2,41,c_uci,-13.22915336144194
20250921-205356,with_ngrams,HDP2,42,c_uci,-12.742919799957626
20250921-205356,with_ngrams,HDP2,43,c_uci,-11.72932697181143
20250921-205356,with_ngrams,HDP2,44,c_uci,-12.518522826246645
20250921-205356,with_ngrams,HDP2,45,c_uci,-13.146315735571493
20250921-205356,with_ngrams,HDP2,46,c_uci,-12.751501909750106
20250921-205356,with_ngrams,HDP2,47,c_uci,-12.903283923969521
20250921-205356,with_ngrams,HDP2,48,c_uci,-12.266162449637077
20250921-205356,with_ngrams,HDP2,49,c_uci,-13.0331775642759
20250921-205356,with_ngrams,HDP2,50,c_uci,-12.33161644743633
20250921-205356,with_ngrams,HDP2,51,c_uci,-12.647578739683674
20250921-205356,with_ngrams,HDP2,52,c_uci,-13.252553346425374
20250921-205356,with_ngrams,HDP2,53,c_uci,-12.912408326595362
20250921-205356,with_ngrams,HDP2,54,c_uci,-13.171259654562576
20250921-205356,with_ngrams,HDP2,55,c_uci,-12.73717211277262
20250921-205356,with_ngrams,HDP2,56,c_uci,-13.202734243612385
20250921-205356,with_ngrams,HDP2,57,c_uci,-12.679169083628851
20250921-205356,with_ngrams,HDP2,58,c_uci,-12.905504320559425
20250921-205356,with_ngrams,HDP2,59,c_uci,-12.392771178072575
20250921-205356,with_ngrams,HDP2,60,c_uci,-13.183530673045292
20250921-205356,with_ngrams,HDP2,61,c_uci,-12.50577546102344
20250921-205356,with_ngrams,HDP2,62,c_uci,-11.854251828530119
20250921-205356,with_ngrams,HDP2,63,c_uci,-13.320561430893703
20250921-205356,with_ngrams,HDP2,64,c_uci,-12.47741916858479
20250921-205356,with_ngrams,HDP2,65,c_uci,-13.562550695876249
20250921-205356,with_ngrams,HDP2,66,c_uci,-13.07038508774522
20250921-205356,with_ngrams,HDP2,67,c_uci,-13.226930457042286
20250921-205356,with_ngrams,HDP2,68,c_uci,-13.159964642859766
20250921-205356,with_ngrams,HDP2,69,c_uci,-13.150157356375013
20250921-205356,with_ngrams,HDP2,70,c_uci,-13.378355388487016
20250921-205356,with_ngrams,HDP2,71,c_uci,-12.31650717385754
20250921-205356,with_ngrams,HDP2,72,c_uci,-13.49120511790057
20250921-205356,with_ngrams,HDP2,73,c_uci,-13.420316176420659
20250921-205356,with_ngrams,HDP2,74,c_uci,-13.105701783685447
20250921-205356,with_ngrams,HDP2,75,c_uci,-13.050247792440516
20250921-205356,with_ngrams,HDP2,76,c_uci,-12.082556430054376
20250921-205356,with_ngrams,HDP2,77,c_uci,-12.737687196730919
20250921-205356,with_ngrams,HDP2,78,c_uci,-13.104086210364084
20250921-205356,with_ngrams,HDP2,79,c_uci,-13.36064381294968
20250921-205356,with_ngrams,HDP2,80,c_uci,-12.956671939967128
20250921-205356,with_ngrams,HDP2,81,c_uci,-13.092659639486948
20250921-205356,with_ngrams,HDP2,82,c_uci,-12.302246429822935
20250921-205356,with_ngrams,HDP2,83,c_uci,-12.928903477315549
20250921-205356,with_ngrams,HDP2,84,c_uci,-12.999544721183685
20250921-205356,with_ngrams,HDP2,85,c_uci,-13.74448217987726
20250921-205356,with_ngrams,HDP2,86,c_uci,-13.76650634942504
20250921-205356,with_ngrams,HDP2,87,c_uci,-12.84144052695241
20250921-205356,with_ngrams,HDP2,88,c_uci,-12.982424324434788
20250921-205356,with_ngrams,HDP2,89,c_uci,-13.306124726040343
20250921-205356,with_ngrams,HDP2,90,c_uci,-13.127488357717732
20250921-205356,with_ngrams,HDP2,91,c_uci,-12.676817277829478
20250921-205356,with_ngrams,HDP2,92,c_uci,-12.665626429048448
20250921-205356,with_ngrams,HDP2,93,c_uci,-13.101268725399539
20250921-205356,with_ngrams,HDP2,94,c_uci,-12.948026587085483
20250921-205356,with_ngrams,HDP2,95,c_uci,-12.013109237863741
20250921-205356,with_ngrams,HDP2,96,c_uci,-13.12626265275393
20250921-205356,with_ngrams,HDP2,97,c_uci,-12.731848784575131
20250921-205356,with_ngrams,HDP2,98,c_uci,-12.89213581005116
20250921-205356,with_ngrams,HDP2,99,c_uci,-13.388986468281205
20250921-205356,min_words,LDA,0,c_v,0.28929748955322
20250921-205356,min_words,LDA,1,c_v,0.4936451305588074
20250921-205356,min_words,LDA,2,c_v,0.5626367247853349
20250921-205356,min_words,LDA,3,c_v,0.33145079262066707
20250921-205356,min_words,LDA,4,c_v,0.6326290389856374
20250921-205356,min_words,LDA,5,c_v,0.47502947869179313
20250921-205356,min_words,LDA,6,c_v,0.31659463016161726
20250921-205356,min_words,LDA,7,c_v,0.2741361167756671
20250921-205356,min_words,LDA,8,c_v,0.33014988778896337
20250921-205356,min_words,LDA,9,c_v,0.5108169018838954
20250921-205356,min_words,LDA,10,c_v,0.32678245668043504
20250921-205356,min_words,LDA,11,c_v,0.7509309344200092
20250921-205356,min_words,LDA,12,c_v,0.4104283901362769
20250921-205356,min_words,LDA,13,c_v,0.7128426225147897
20250921-205356,min_words,LDA,14,c_v,0.5925214220458419
20250921-205356,min_words,LDA,15,c_v,0.6016388896324723
20250921-205356,min_words,LDA,16,c_v,0.36751991883939505
20250921-205356,min_words,LDA,17,c_v,0.6388022555834089
20250921-205356,min_words,LDA,18,c_v,0.3821093893569881
20250921-205356,min_words,LDA,19,c_v,0.314931724522614
20250921-205356,min_words,LDA,20,c_v,0.6473344324266619
20250921-205356,min_words,LDA,21,c_v,0.34513154334965207
20250921-205356,min_words,LDA,22,c_v,0.3571802229236613
20250921-205356,min_words,LDA,23,c_v,0.27020247846117595
20250921-205356,min_words,LDA,24,c_v,0.6436296802251669
20250921-205356,min_words,LDA,0,u_mass,-5.570830265268056
20250921-205356,min_words,LDA,1,u_mass,-2.869796128608755
20250921-205356,min_words,LDA,2,u_mass,-2.104745492478585
20250921-205356,min_words,LDA,3,u_mass,-4.802475024085402
20250921-205356,min_words,LDA,4,u_mass,-3.3870501547971386
20250921-205356,min_words,LDA,5,u_mass,-3.599809484819909
20250921-205356,min_words,LDA,6,u_mass,-4.95562340615597
20250921-205356,min_words,LDA,7,u_mass,-7.307815050771414
20250921-205356,min_words,LDA,8,u_mass,-4.395122069174205
20250921-205356,min_words,LDA,9,u_mass,-2.929970754340069
20250921-205356,min_words,LDA,10,u_mass,-5.715697009135989
20250921-205356,min_words,LDA,11,u_mass,-2.12796876455892
20250921-205356,min_words,LDA,12,u_mass,-3.536253654052549
20250921-205356,min_words,LDA,13,u_mass,-3.6861821400179395
20250921-205356,min_words,LDA,14,u_mass,-2.2483504756014963
20250921-205356,min_words,LDA,15,u_mass,-2.1396725298530948
20250921-205356,min_words,LDA,16,u_mass,-6.1493267717472735
20250921-205356,min_words,LDA,17,u_mass,-2.0626178485462905
20250921-205356,min_words,LDA,18,u_mass,-3.140751155747939
20250921-205356,min_words,LDA,19,u_mass,-4.120612527089316
20250921-205356,min_words,LDA,20,u_mass,-3.2500402459169875
20250921-205356,min_words,LDA,21,u_mass,-6.238620052323741
20250921-205356,min_words,LDA,22,u_mass,-3.1751831490304085
20250921-205356,min_words,LDA,23,u_mass,-6.302920095257475
20250921-205356,min_words,LDA,24,u_mass,-2.13861016857693
20250921-205356,min_words,LDA,0,c_npmi,-0.1363568666925295
20250921-205356,min_words,LDA,1,c_npmi,0.03490694710675213
20250921-205356,min_words,LDA,2,c_npmi,0.036779668339912475
20250921-205356,min_words,LDA,3,c_npmi,-0.09073020985931197
20250921-205356,min_words,LDA,4,c_npmi,0.046688320770378315
20250921-205356,min_words,LDA,5,c_npmi,0.00989428491939731
20250921-205356,min_words,LDA,6,c_npmi,-0.16767487847350854
20250921-205356,min_words,LDA,7,c_npmi,-0.21182888012351597
20250921-205356,min_words,LDA,8,c_npmi,-0.10007428430289707
20250921-205356,min_words,LDA,9,c_npmi,0.015283912605246962
20250921-205356,min_words,LDA,10,c_npmi,-0.12480413366795988
20250921-205356,min_words,LDA,11,c_npmi,0.08721364376790244
20250921-205356,min_words,LDA,12,c_npmi,-0.11641411246716785
20250921-205356,min_words,LDA,13,c_npmi,0.0502680154335607
20250921-205356,min_words,LDA,14,c_npmi,0.029184190106454403
20250921-205356,min_words,LDA,15,c_npmi,0.05952360556129014
20250921-205356,min_words,LDA,16,c_npmi,-0.1252825046230748
20250921-205356,min_words,LDA,17,c_npmi,0.05912484230928021
20250921-205356,min_words,LDA,18,c_npmi,-0.03501497741035874
20250921-205356,min_words,LDA,19,c_npmi,-0.11854520207766357
20250921-205356,min_words,LDA,20,c_npmi,0.04924520274133625
20250921-205356,min_words,LDA,21,c_npmi,-0.1263524341418907
20250921-205356,min_words,LDA,22,c_npmi,0.003303768273994892
20250921-205356,min_words,LDA,23,c_npmi,-0.17844785214454761
20250921-205356,min_words,LDA,24,c_npmi,0.09060109288997689
20250921-205356,min_words,LDA,0,c_uci,-4.943358761307869
20250921-205356,min_words,LDA,1,c_uci,-0.9266032115223387
20250921-205356,min_words,LDA,2,c_uci,-0.16718044158672288
20250921-205356,min_words,LDA,3,c_uci,-3.147478083584459
20250921-205356,min_words,LDA,4,c_uci,-1.0510170776627938
20250921-205356,min_words,LDA,5,c_uci,-1.2792579672963025
20250921-205356,min_words,LDA,6,c_uci,-5.150653724610915
20250921-205356,min_words,LDA,7,c_uci,-6.374738549847456
20250921-205356,min_words,LDA,8,c_uci,-3.0950321699053194
20250921-205356,min_words,LDA,9,c_uci,-0.8875327245488472
20250921-205356,min_words,LDA,10,c_uci,-4.825595737387013
20250921-205356,min_words,LDA,11,c_uci,0.16327598381392094
20250921-205356,min_words,LDA,12,c_uci,-3.7202705103390095
20250921-205356,min_words,LDA,13,c_uci,-1.0933964034458523
20250921-205356,min_words,LDA,14,c_uci,-0.11626026912712581
20250921-205356,min_words,LDA,15,c_uci,0.2236415092254167
20250921-205356,min_words,LDA,16,c_uci,-4.52485823246774
20250921-205356,min_words,LDA,17,c_uci,0.0961932864594263
20250921-205356,min_words,LDA,18,c_uci,-1.7786825648327043
20250921-205356,min_words,LDA,19,c_uci,-3.610933554334856
20250921-205356,min_words,LDA,20,c_uci,-0.8629926490890723
20250921-205356,min_words,LDA,21,c_uci,-4.8028282579573895
20250921-205356,min_words,LDA,22,c_uci,-0.6770514161924687
20250921-205356,min_words,LDA,23,c_uci,-5.497783993560153
20250921-205356,min_words,LDA,24,c_uci,0.637529209589509
20250921-205356,min_words,HDP1,0,c_v,0.7198737787599111
20250921-205356,min_words,HDP1,1,c_v,0.699816017560244
20250921-205356,min_words,HDP1,2,c_v,0.7778476441921423
20250921-205356,min_words,HDP1,3,c_v,0.5869863112527733
20250921-205356,min_words,HDP1,4,c_v,0.7242393943643658
20250921-205356,min_words,HDP1,5,c_v,0.786276842432245
20250921-205356,min_words,HDP1,6,c_v,0.6458400952328671
20250921-205356,min_words,HDP1,7,c_v,0.7776040665457143
20250921-205356,min_words,HDP1,8,c_v,0.7282026515117779
20250921-205356,min_words,HDP1,9,c_v,0.681378196620084
20250921-205356,min_words,HDP1,10,c_v,0.6505185612865519
20250921-205356,min_words,HDP1,11,c_v,0.7204506273532664
20250921-205356,min_words,HDP1,12,c_v,0.7028147325023155
20250921-205356,min_words,HDP1,13,c_v,0.639150765713113
20250921-205356,min_words,HDP1,14,c_v,0.7365737875062645
20250921-205356,min_words,HDP1,15,c_v,0.6768977299031367
20250921-205356,min_words,HDP1,16,c_v,0.6620330843770701
20250921-205356,min_words,HDP1,17,c_v,0.7448732342235969
20250921-205356,min_words,HDP1,18,c_v,0.7474645623321325
20250921-205356,min_words,HDP1,19,c_v,0.674424948705911
20250921-205356,min_words,HDP1,20,c_v,0.7070815033748291
20250921-205356,min_words,HDP1,21,c_v,0.7585939180535053
20250921-205356,min_words,HDP1,22,c_v,0.702572779020816
20250921-205356,min_words,HDP1,23,c_v,0.7572132209970213
20250921-205356,min_words,HDP1,24,c_v,0.6599610660299016
20250921-205356,min_words,HDP1,0,u_mass,-18.994272109431602
20250921-205356,min_words,HDP1,1,u_mass,-19.14208905893166
20250921-205356,min_words,HDP1,2,u_mass,-21.31513685690337
20250921-205356,min_words,HDP1,3,u_mass,-15.474731773495732
20250921-205356,min_words,HDP1,4,u_mass,-19.4782892312704
20250921-205356,min_words,HDP1,5,u_mass,-21.21014098287129
20250921-205356,min_words,HDP1,6,u_mass,-17.1535946401748
20250921-205356,min_words,HDP1,7,u_mass,-20.926829159709744
20250921-205356,min_words,HDP1,8,u_mass,-19.45076488579246
20250921-205356,min_words,HDP1,9,u_mass,-19.475784243333912
20250921-205356,min_words,HDP1,10,u_mass,-17.868618509421594
20250921-205356,min_words,HDP1,11,u_mass,-19.373736870720716
20250921-205356,min_words,HDP1,12,u_mass,-19.36686579065933
20250921-205356,min_words,HDP1,13,u_mass,-17.48496587967039
20250921-205356,min_words,HDP1,14,u_mass,-19.799219448898427
20250921-205356,min_words,HDP1,15,u_mass,-18.614548898695237
20250921-205356,min_words,HDP1,16,u_mass,-17.91188464995633
20250921-205356,min_words,HDP1,17,u_mass,-20.493542991866693
20250921-205356,min_words,HDP1,18,u_mass,-20.098829762836896
20250921-205356,min_words,HDP1,19,u_mass,-17.834424116601774
20250921-205356,min_words,HDP1,20,u_mass,-19.327450318343587
20250921-205356,min_words,HDP1,21,u_mass,-20.57710838595698
20250921-205356,min_words,HDP1,22,u_mass,-18.888540811000787
20250921-205356,min_words,HDP1,23,u_mass,-20.37824230498954
20250921-205356,min_words,HDP1,24,u_mass,-17.9140863553645
20250921-205356,min_words,HDP1,0,c_npmi,-0.47734838126120066
20250921-205356,min_words,HDP1,1,c_npmi,-0.46523289479845437
20250921-205356,min_words,HDP1,2,c_npmi,-0.496476434016717
20250921-205356,min_words,HDP1,3,c_npmi,-0.4197407117063304
20250921-205356,min_words,HDP1,4,c_npmi,-0.46518233392933067
20250921-205356,min_words,HDP1,5,c_npmi,-0.4754391363444199
20250921-205356,min_words,HDP1,6,c_npmi,-0.46004275247933585
20250921-205356,min_words,HDP1,7,c_npmi,-0.4664522653823864
20250921-205356,min_words,HDP1,8,c_npmi,-0.47299591843221206
20250921-205356,min_words,HDP1,9,c_npmi,-0.44567542396009235
20250921-205356,min_words,HDP1,10,c_npmi,-0.47317293012546824
20250921-205356,min_words,HDP1,11,c_npmi,-0.47495793696487565
20250921-205356,min_words,HDP1,12,c_npmi,-0.46233209266985115
20250921-205356,min_words,HDP1,13,c_npmi,-0.47988854007522946
20250921-205356,min_words,HDP1,14,c_npmi,-0.48058806609886623
20250921-205356,min_words,HDP1,15,c_npmi,-0.4320548379279185
20250921-205356,min_words,HDP1,16,c_npmi,-0.4755368806621344
20250921-205356,min_words,HDP1,17,c_npmi,-0.46487159231920266
20250921-205356,min_words,HDP1,18,c_npmi,-0.4625692528267762
20250921-205356,min_words,HDP1,19,c_npmi,-0.4344642332606956
20250921-205356,min_words,HDP1,20,c_npmi,-0.45938701652910485
20250921-205356,min_words,HDP1,21,c_npmi,-0.46660494249323436
20250921-205356,min_words,HDP1,22,c_npmi,-0.45759882479154057
20250921-205356,min_words,HDP1,23,c_npmi,-0.45592819430538056
20250921-205356,min_words,HDP1,24,c_npmi,-0.45094688721554205
20250921-205356,min_words,HDP1,0,c_uci,-13.290248160717027
20250921-205356,min_words,HDP1,1,c_uci,-13.003528240790997
20250921-205356,min_words,HDP1,2,c_uci,-13.877900078835738
20250921-205356,min_words,HDP1,3,c_uci,-11.889378645243815
20250921-205356,min_words,HDP1,4,c_uci,-13.035327462648034
20250921-205356,min_words,HDP1,5,c_uci,-13.195107669322631
20250921-205356,min_words,HDP1,6,c_uci,-12.916892614936481
20250921-205356,min_words,HDP1,7,c_uci,-12.952571304922266
20250921-205356,min_words,HDP1,8,c_uci,-13.238322896531757
20250921-205356,min_words,HDP1,9,c_uci,-12.660095391339418
20250921-205356,min_words,HDP1,10,c_uci,-13.274805844221618
20250921-205356,min_words,HDP1,11,c_uci,-13.33853684385233
20250921-205356,min_words,HDP1,12,c_uci,-12.978316016836429
20250921-205356,min_words,HDP1,13,c_uci,-13.456752874550112
20250921-205356,min_words,HDP1,14,c_uci,-13.32747617303573
20250921-205356,min_words,HDP1,15,c_uci,-12.144341965696679
20250921-205356,min_words,HDP1,16,c_uci,-13.280559708174607
20250921-205356,min_words,HDP1,17,c_uci,-13.03914629170013
20250921-205356,min_words,HDP1,18,c_uci,-12.932609674323574
20250921-205356,min_words,HDP1,19,c_uci,-12.237709180216424
20250921-205356,min_words,HDP1,20,c_uci,-12.942854134504318
20250921-205356,min_words,HDP1,21,c_uci,-12.990011918880512
20250921-205356,min_words,HDP1,22,c_uci,-12.7996839624661
20250921-205356,min_words,HDP1,23,c_uci,-12.707476908222251
20250921-205356,min_words,HDP1,24,c_uci,-12.684250689563912
20250921-205356,min_words,HDP2,0,c_v,0.741952010268507
20250921-205356,min_words,HDP2,1,c_v,0.6623061821878953
20250921-205356,min_words,HDP2,2,c_v,0.6491624667729861
20250921-205356,min_words,HDP2,3,c_v,0.728313935799667
20250921-205356,min_words,HDP2,4,c_v,0.6803619964340453
20250921-205356,min_words,HDP2,5,c_v,0.700287368034041
20250921-205356,min_words,HDP2,6,c_v,0.7213409196954812
20250921-205356,min_words,HDP2,7,c_v,0.670399649911445
20250921-205356,min_words,HDP2,8,c_v,0.6586705694908747
20250921-205356,min_words,HDP2,9,c_v,0.7744814982926709
20250921-205356,min_words,HDP2,10,c_v,0.6932919626352533
20250921-205356,min_words,HDP2,11,c_v,0.69778023230978
20250921-205356,min_words,HDP2,12,c_v,0.6672973620323523
20250921-205356,min_words,HDP2,13,c_v,0.7443798405752041
20250921-205356,min_words,HDP2,14,c_v,0.6166832273761488
20250921-205356,min_words,HDP2,15,c_v,0.7285922414957633
20250921-205356,min_words,HDP2,16,c_v,0.7791027514901179
20250921-205356,min_words,HDP2,17,c_v,0.6973225631024914
20250921-205356,min_words,HDP2,18,c_v,0.7247191752261861
20250921-205356,min_words,HDP2,19,c_v,0.7293905150897897
20250921-205356,min_words,HDP2,20,c_v,0.7007464637899292
20250921-205356,min_words,HDP2,21,c_v,0.7191721836627243
20250921-205356,min_words,HDP2,22,c_v,0.7139846893740083
20250921-205356,min_words,HDP2,23,c_v,0.5124512047876071
20250921-205356,min_words,HDP2,24,c_v,0.7069581662347362
20250921-205356,min_words,HDP2,25,c_v,0.62868755721198
20250921-205356,min_words,HDP2,26,c_v,0.6715387008064785
20250921-205356,min_words,HDP2,27,c_v,0.7327136499140425
20250921-205356,min_words,HDP2,28,c_v,0.67808697791036
20250921-205356,min_words,HDP2,29,c_v,0.6517957968299816
20250921-205356,min_words,HDP2,30,c_v,0.6404079686949198
20250921-205356,min_words,HDP2,31,c_v,0.683961549609497
20250921-205356,min_words,HDP2,32,c_v,0.7251407453350839
20250921-205356,min_words,HDP2,33,c_v,0.7579388410414294
20250921-205356,min_words,HDP2,34,c_v,0.6972664168737406
20250921-205356,min_words,HDP2,35,c_v,0.6446202532610491
20250921-205356,min_words,HDP2,36,c_v,0.6717882805845325
20250921-205356,min_words,HDP2,37,c_v,0.6970653725273505
20250921-205356,min_words,HDP2,38,c_v,0.71150057781848
20250921-205356,min_words,HDP2,39,c_v,0.732525750125798
20250921-205356,min_words,HDP2,40,c_v,0.7010335562764115
20250921-205356,min_words,HDP2,41,c_v,0.6902337285447147
20250921-205356,min_words,HDP2,42,c_v,0.6546418976692285
20250921-205356,min_words,HDP2,43,c_v,0.7218727950624417
20250921-205356,min_words,HDP2,44,c_v,0.7542791436897185
20250921-205356,min_words,HDP2,45,c_v,0.6261333604587127
20250921-205356,min_words,HDP2,46,c_v,0.7313076708755013
20250921-205356,min_words,HDP2,47,c_v,0.7144979066357865
20250921-205356,min_words,HDP2,48,c_v,0.7309779513417979
20250921-205356,min_words,HDP2,49,c_v,0.7466713871980419
20250921-205356,min_words,HDP2,50,c_v,0.6819245279085567
20250921-205356,min_words,HDP2,51,c_v,0.7029651798876889
20250921-205356,min_words,HDP2,52,c_v,0.6855992313281515
20250921-205356,min_words,HDP2,53,c_v,0.6900304874225708
20250921-205356,min_words,HDP2,54,c_v,0.6577114311512553
20250921-205356,min_words,HDP2,55,c_v,0.6998231449230978
20250921-205356,min_words,HDP2,56,c_v,0.717542557330553
20250921-205356,min_words,HDP2,57,c_v,0.7108294628514462
20250921-205356,min_words,HDP2,58,c_v,0.7421539017457265
20250921-205356,min_words,HDP2,59,c_v,0.7457326255242893
20250921-205356,min_words,HDP2,60,c_v,0.6471483256228286
20250921-205356,min_words,HDP2,61,c_v,0.7342555279132509
20250921-205356,min_words,HDP2,62,c_v,0.7404347272452521
20250921-205356,min_words,HDP2,63,c_v,0.7388365270697406
20250921-205356,min_words,HDP2,64,c_v,0.763000237021335
20250921-205356,min_words,HDP2,65,c_v,0.7288529548681159
20250921-205356,min_words,HDP2,66,c_v,0.6725249980339423
20250921-205356,min_words,HDP2,67,c_v,0.7501023970754784
20250921-205356,min_words,HDP2,68,c_v,0.7283217771614642
20250921-205356,min_words,HDP2,69,c_v,0.7419019302672133
20250921-205356,min_words,HDP2,70,c_v,0.7655783889753784
20250921-205356,min_words,HDP2,71,c_v,0.7406936555930869
20250921-205356,min_words,HDP2,72,c_v,0.7149787408296777
20250921-205356,min_words,HDP2,73,c_v,0.7513508111724226
20250921-205356,min_words,HDP2,74,c_v,0.7042258181988591
20250921-205356,min_words,HDP2,75,c_v,0.6837551932859846
20250921-205356,min_words,HDP2,76,c_v,0.664161727336775
20250921-205356,min_words,HDP2,77,c_v,0.7040773741221906
20250921-205356,min_words,HDP2,78,c_v,0.7457726467152141
20250921-205356,min_words,HDP2,79,c_v,0.6516272206794592
20250921-205356,min_words,HDP2,80,c_v,0.6882876935878468
20250921-205356,min_words,HDP2,81,c_v,0.7433075294613152
20250921-205356,min_words,HDP2,82,c_v,0.6677716893302107
20250921-205356,min_words,HDP2,83,c_v,0.6649278063102197
20250921-205356,min_words,HDP2,84,c_v,0.7003209611876027
20250921-205356,min_words,HDP2,85,c_v,0.7261746327504804
20250921-205356,min_words,HDP2,86,c_v,0.6453639695100206
20250921-205356,min_words,HDP2,87,c_v,0.6486735726292328
20250921-205356,min_words,HDP2,88,c_v,0.7550682457664999
20250921-205356,min_words,HDP2,89,c_v,0.6902639116008701
20250921-205356,min_words,HDP2,90,c_v,0.7130112759294366
20250921-205356,min_words,HDP2,91,c_v,0.7256239978740766
20250921-205356,min_words,HDP2,92,c_v,0.7597315381302667
20250921-205356,min_words,HDP2,93,c_v,0.7581150310689477
20250921-205356,min_words,HDP2,94,c_v,0.7159981812181229
20250921-205356,min_words,HDP2,95,c_v,0.6363554431253677
20250921-205356,min_words,HDP2,96,c_v,0.6619299944635733
20250921-205356,min_words,HDP2,97,c_v,0.6594680356632673
20250921-205356,min_words,HDP2,98,c_v,0.729434622460568
20250921-205356,min_words,HDP2,99,c_v,0.6759993099990106
20250921-205356,min_words,HDP2,0,u_mass,-20.63954652209603
20250921-205356,min_words,HDP2,1,u_mass,-18.350878739969332
20250921-205356,min_words,HDP2,2,u_mass,-17.946070025298884
20250921-205356,min_words,HDP2,3,u_mass,-19.631446054018408
20250921-205356,min_words,HDP2,4,u_mass,-18.759204977546272
20250921-205356,min_words,HDP2,5,u_mass,-18.722154201486294
20250921-205356,min_words,HDP2,6,u_mass,-20.11051501897982
20250921-205356,min_words,HDP2,7,u_mass,-18.110747627333975
20250921-205356,min_words,HDP2,8,u_mass,-18.41403058882483
20250921-205356,min_words,HDP2,9,u_mass,-21.126294310074403
20250921-205356,min_words,HDP2,10,u_mass,-19.220047959267198
20250921-205356,min_words,HDP2,11,u_mass,-18.601191867729476
20250921-205356,min_words,HDP2,12,u_mass,-18.05623464778637
20250921-205356,min_words,HDP2,13,u_mass,-20.34599387069555
20250921-205356,min_words,HDP2,14,u_mass,-16.468374756250824
20250921-205356,min_words,HDP2,15,u_mass,-20.541809428444854
20250921-205356,min_words,HDP2,16,u_mass,-21.192159446935953
20250921-205356,min_words,HDP2,17,u_mass,-19.085508953953514
20250921-205356,min_words,HDP2,18,u_mass,-20.12839367044851
20250921-205356,min_words,HDP2,19,u_mass,-20.084353470105942
20250921-205356,min_words,HDP2,20,u_mass,-19.464536726753035
20250921-205356,min_words,HDP2,21,u_mass,-19.831999836373367
20250921-205356,min_words,HDP2,22,u_mass,-20.022108091019994
20250921-205356,min_words,HDP2,23,u_mass,-14.229396950897497
20250921-205356,min_words,HDP2,24,u_mass,-19.46643921788548
20250921-205356,min_words,HDP2,25,u_mass,-16.739310909319297
20250921-205356,min_words,HDP2,26,u_mass,-18.683144861681104
20250921-205356,min_words,HDP2,27,u_mass,-20.274809802274323
20250921-205356,min_words,HDP2,28,u_mass,-18.448403471274325
20250921-205356,min_words,HDP2,29,u_mass,-16.817343245419277
20250921-205356,min_words,HDP2,30,u_mass,-16.981767996396716
20250921-205356,min_words,HDP2,31,u_mass,-18.752194988984517
20250921-205356,min_words,HDP2,32,u_mass,-19.221483141893945
20250921-205356,min_words,HDP2,33,u_mass,-20.784271332839428
20250921-205356,min_words,HDP2,34,u_mass,-18.976351957932582
20250921-205356,min_words,HDP2,35,u_mass,-17.74719908833596
20250921-205356,min_words,HDP2,36,u_mass,-18.376580482228285
20250921-205356,min_words,HDP2,37,u_mass,-19.03873631290524
20250921-205356,min_words,HDP2,38,u_mass,-19.483590404717056
20250921-205356,min_words,HDP2,39,u_mass,-19.55785512804642
20250921-205356,min_words,HDP2,40,u_mass,-19.137676830029115
20250921-205356,min_words,HDP2,41,u_mass,-19.52533972222778
20250921-205356,min_words,HDP2,42,u_mass,-17.998176459379106
20250921-205356,min_words,HDP2,43,u_mass,-19.96745916187685
20250921-205356,min_words,HDP2,44,u_mass,-20.4309773529732
20250921-205356,min_words,HDP2,45,u_mass,-16.482034646852647
20250921-205356,min_words,HDP2,46,u_mass,-19.263049873252086
20250921-205356,min_words,HDP2,47,u_mass,-19.368570747374083
20250921-205356,min_words,HDP2,48,u_mass,-20.086986540054337
20250921-205356,min_words,HDP2,49,u_mass,-20.473130969841304
20250921-205356,min_words,HDP2,50,u_mass,-19.273164125013295
20250921-205356,min_words,HDP2,51,u_mass,-19.22129837026545
20250921-205356,min_words,HDP2,52,u_mass,-17.929038079207768
20250921-205356,min_words,HDP2,53,u_mass,-18.880105550964846
20250921-205356,min_words,HDP2,54,u_mass,-18.719946184256113
20250921-205356,min_words,HDP2,55,u_mass,-19.410620637787993
20250921-205356,min_words,HDP2,56,u_mass,-19.38881235044123
20250921-205356,min_words,HDP2,57,u_mass,-19.791443254260255
20250921-205356,min_words,HDP2,58,u_mass,-20.33073544405055
20250921-205356,min_words,HDP2,59,u_mass,-20.094342820018742
20250921-205356,min_words,HDP2,60,u_mass,-17.340106126815584
20250921-205356,min_words,HDP2,61,u_mass,-20.149944262313387
20250921-205356,min_words,HDP2,62,u_mass,-20.56546421977605
20250921-205356,min_words,HDP2,63,u_mass,-20.549384081479744
20250921-205356,min_words,HDP2,64,u_mass,-21.015192956060602
20250921-205356,min_words,HDP2,65,u_mass,-19.982349356086587
20250921-205356,min_words,HDP2,66,u_mass,-19.111818297876678
20250921-205356,min_words,HDP2,67,u_mass,-20.48273624029394
20250921-205356,min_words,HDP2,68,u_mass,-20.3059486658045
20250921-205356,min_words,HDP2,69,u_mass,-19.576169332060886
20250921-205356,min_words,HDP2,70,u_mass,-20.797876034378113
20250921-205356,min_words,HDP2,71,u_mass,-20.31404817091198
20250921-205356,min_words,HDP2,72,u_mass,-19.98375737224089
20250921-205356,min_words,HDP2,73,u_mass,-20.703419821341832
20250921-205356,min_words,HDP2,74,u_mass,-19.253921638192054
20250921-205356,min_words,HDP2,75,u_mass,-18.826729097541584
20250921-205356,min_words,HDP2,76,u_mass,-18.043254503887805
20250921-205356,min_words,HDP2,77,u_mass,-19.168307999883577
20250921-205356,min_words,HDP2,78,u_mass,-20.428812482695516
20250921-205356,min_words,HDP2,79,u_mass,-18.034734759307316
20250921-205356,min_words,HDP2,80,u_mass,-19.11022221745343
20250921-205356,min_words,HDP2,81,u_mass,-20.484192120439857
20250921-205356,min_words,HDP2,82,u_mass,-18.577489339147718
20250921-205356,min_words,HDP2,83,u_mass,-17.99416798220834
20250921-205356,min_words,HDP2,84,u_mass,-19.442567018394485
20250921-205356,min_words,HDP2,85,u_mass,-20.32968719540795
20250921-205356,min_words,HDP2,86,u_mass,-17.972925121527584
20250921-205356,min_words,HDP2,87,u_mass,-17.9703448768877
20250921-205356,min_words,HDP2,88,u_mass,-20.52613867519877
20250921-205356,min_words,HDP2,89,u_mass,-19.294881198927435
20250921-205356,min_words,HDP2,90,u_mass,-19.09162983087038
20250921-205356,min_words,HDP2,91,u_mass,-19.865707797855972
20250921-205356,min_words,HDP2,92,u_mass,-20.92969735755035
20250921-205356,min_words,HDP2,93,u_mass,-20.76659353785368
20250921-205356,min_words,HDP2,94,u_mass,-19.55007013372762
20250921-205356,min_words,HDP2,95,u_mass,-16.944722627533057
20250921-205356,min_words,HDP2,96,u_mass,-18.11930582976179
20250921-205356,min_words,HDP2,97,u_mass,-17.513982889365376
20250921-205356,min_words,HDP2,98,u_mass,-19.148570631200815
20250921-205356,min_words,HDP2,99,u_mass,-18.253227782791924
20250921-205356,min_words,HDP2,0,c_npmi,-0.4957077439765473
20250921-205356,min_words,HDP2,1,c_npmi,-0.4621954869161671
20250921-205356,min_words,HDP2,2,c_npmi,-0.45495052512275647
20250921-205356,min_words,HDP2,3,c_npmi,-0.4704167210161382
20250921-205356,min_words,HDP2,4,c_npmi,-0.4830661406819926
20250921-205356,min_words,HDP2,5,c_npmi,-0.4483748273693689
20250921-205356,min_words,HDP2,6,c_npmi,-0.4754941480319557
20250921-205356,min_words,HDP2,7,c_npmi,-0.4465023800398807
20250921-205356,min_words,HDP2,8,c_npmi,-0.46314912522418655
20250921-205356,min_words,HDP2,9,c_npmi,-0.4929459611951795
20250921-205356,min_words,HDP2,10,c_npmi,-0.4734225987295238
20250921-205356,min_words,HDP2,11,c_npmi,-0.48197490156458833
20250921-205356,min_words,HDP2,12,c_npmi,-0.4473725658991376
20250921-205356,min_words,HDP2,13,c_npmi,-0.4718950969969998
20250921-205356,min_words,HDP2,14,c_npmi,-0.47380429321676865
20250921-205356,min_words,HDP2,15,c_npmi,-0.46863744989107853
20250921-205356,min_words,HDP2,16,c_npmi,-0.4718437008126973
20250921-205356,min_words,HDP2,17,c_npmi,-0.4497760770690509
20250921-205356,min_words,HDP2,18,c_npmi,-0.4884857130422545
20250921-205356,min_words,HDP2,19,c_npmi,-0.4657530829348746
20250921-205356,min_words,HDP2,20,c_npmi,-0.4880833546288606
20250921-205356,min_words,HDP2,21,c_npmi,-0.489671794816266
20250921-205356,min_words,HDP2,22,c_npmi,-0.4794231429992607
20250921-205356,min_words,HDP2,23,c_npmi,-0.4230426408702553
20250921-205356,min_words,HDP2,24,c_npmi,-0.47032383511909953
20250921-205356,min_words,HDP2,25,c_npmi,-0.45277647892977246
20250921-205356,min_words,HDP2,26,c_npmi,-0.4705438382010744
20250921-205356,min_words,HDP2,27,c_npmi,-0.46543246076027456
20250921-205356,min_words,HDP2,28,c_npmi,-0.45979687582730033
20250921-205356,min_words,HDP2,29,c_npmi,-0.4302069226559451
20250921-205356,min_words,HDP2,30,c_npmi,-0.44733675166324066
20250921-205356,min_words,HDP2,31,c_npmi,-0.4542864590960007
20250921-205356,min_words,HDP2,32,c_npmi,-0.4668908300305443
20250921-205356,min_words,HDP2,33,c_npmi,-0.49304393798501533
20250921-205356,min_words,HDP2,34,c_npmi,-0.46518180703939876
20250921-205356,min_words,HDP2,35,c_npmi,-0.4256061641792944
20250921-205356,min_words,HDP2,36,c_npmi,-0.4522478766742516
20250921-205356,min_words,HDP2,37,c_npmi,-0.46411025441622605
20250921-205356,min_words,HDP2,38,c_npmi,-0.4716984636886782
20250921-205356,min_words,HDP2,39,c_npmi,-0.48303530918648485
20250921-205356,min_words,HDP2,40,c_npmi,-0.4619142529111484
20250921-205356,min_words,HDP2,41,c_npmi,-0.4550644455512451
20250921-205356,min_words,HDP2,42,c_npmi,-0.45046553091282543
20250921-205356,min_words,HDP2,43,c_npmi,-0.4686152846689999
20250921-205356,min_words,HDP2,44,c_npmi,-0.49398456414986214
20250921-205356,min_words,HDP2,45,c_npmi,-0.44814833052543557
20250921-205356,min_words,HDP2,46,c_npmi,-0.44613249758860507
20250921-205356,min_words,HDP2,47,c_npmi,-0.46218007833518493
20250921-205356,min_words,HDP2,48,c_npmi,-0.46210611333143636
20250921-205356,min_words,HDP2,49,c_npmi,-0.46857895241853087
20250921-205356,min_words,HDP2,50,c_npmi,-0.46426027607684256
20250921-205356,min_words,HDP2,51,c_npmi,-0.4662700069775749
20250921-205356,min_words,HDP2,52,c_npmi,-0.47378416078805147
20250921-205356,min_words,HDP2,53,c_npmi,-0.4525864945602188
20250921-205356,min_words,HDP2,54,c_npmi,-0.4522659083780344
20250921-205356,min_words,HDP2,55,c_npmi,-0.4650192106563625
20250921-205356,min_words,HDP2,56,c_npmi,-0.46853278780062235
20250921-205356,min_words,HDP2,57,c_npmi,-0.4538418281380809
20250921-205356,min_words,HDP2,58,c_npmi,-0.49461680068267644
20250921-205356,min_words,HDP2,59,c_npmi,-0.4624638624836315
20250921-205356,min_words,HDP2,60,c_npmi,-0.4354108152119171
20250921-205356,min_words,HDP2,61,c_npmi,-0.47564455041716097
20250921-205356,min_words,HDP2,62,c_npmi,-0.48212851206218427
20250921-205356,min_words,HDP2,63,c_npmi,-0.4773786812529095
20250921-205356,min_words,HDP2,64,c_npmi,-0.4796919841269238
20250921-205356,min_words,HDP2,65,c_npmi,-0.4685447769897933
20250921-205356,min_words,HDP2,66,c_npmi,-0.47733838271040646
20250921-205356,min_words,HDP2,67,c_npmi,-0.47087670898681466
20250921-205356,min_words,HDP2,68,c_npmi,-0.4676356786765256
20250921-205356,min_words,HDP2,69,c_npmi,-0.470758190965665
20250921-205356,min_words,HDP2,70,c_npmi,-0.49278204677111404
20250921-205356,min_words,HDP2,71,c_npmi,-0.4810258403279887
20250921-205356,min_words,HDP2,72,c_npmi,-0.4785721471565511
20250921-205356,min_words,HDP2,73,c_npmi,-0.4809653681026653
20250921-205356,min_words,HDP2,74,c_npmi,-0.4780868260636829
20250921-205356,min_words,HDP2,75,c_npmi,-0.4768500743417241
20250921-205356,min_words,HDP2,76,c_npmi,-0.4670930904672218
20250921-205356,min_words,HDP2,77,c_npmi,-0.436915726474301
20250921-205356,min_words,HDP2,78,c_npmi,-0.4710953826907506
20250921-205356,min_words,HDP2,79,c_npmi,-0.4797106596860957
20250921-205356,min_words,HDP2,80,c_npmi,-0.47187994543479733
20250921-205356,min_words,HDP2,81,c_npmi,-0.48278703049916166
20250921-205356,min_words,HDP2,82,c_npmi,-0.4766463134925058
20250921-205356,min_words,HDP2,83,c_npmi,-0.4442615917711866
20250921-205356,min_words,HDP2,84,c_npmi,-0.47304279809649397
20250921-205356,min_words,HDP2,85,c_npmi,-0.45322430535418606
20250921-205356,min_words,HDP2,86,c_npmi,-0.4614721133916427
20250921-205356,min_words,HDP2,87,c_npmi,-0.445355327550929
20250921-205356,min_words,HDP2,88,c_npmi,-0.45250305350296555
20250921-205356,min_words,HDP2,89,c_npmi,-0.48310566742248323
20250921-205356,min_words,HDP2,90,c_npmi,-0.47264926456913897
20250921-205356,min_words,HDP2,91,c_npmi,-0.4698005345791796
20250921-205356,min_words,HDP2,92,c_npmi,-0.47903529468996714
20250921-205356,min_words,HDP2,93,c_npmi,-0.47680589043667637
20250921-205356,min_words,HDP2,94,c_npmi,-0.47216085308581257
20250921-205356,min_words,HDP2,95,c_npmi,-0.45297414195677876
20250921-205356,min_words,HDP2,96,c_npmi,-0.45763577439347336
20250921-205356,min_words,HDP2,97,c_npmi,-0.4708325731370081
20250921-205356,min_words,HDP2,98,c_npmi,-0.4574503616805491
20250921-205356,min_words,HDP2,99,c_npmi,-0.44260961843459773
20250921-205356,min_words,HDP2,0,c_uci,-13.713530641810278
20250921-205356,min_words,HDP2,1,c_uci,-12.945278569815194
20250921-205356,min_words,HDP2,2,c_uci,-12.90597577009909
20250921-205356,min_words,HDP2,3,c_uci,-13.162215314535857
20250921-205356,min_words,HDP2,4,c_uci,-13.431804462253499
20250921-205356,min_words,HDP2,5,c_uci,-12.596095622790395
20250921-205356,min_words,HDP2,6,c_uci,-13.277846652646407
20250921-205356,min_words,HDP2,7,c_uci,-12.559600493170842
20250921-205356,min_words,HDP2,8,c_uci,-12.961474531932186
20250921-205356,min_words,HDP2,9,c_uci,-13.672685632970728
20250921-205356,min_words,HDP2,10,c_uci,-13.264046082783592
20250921-205356,min_words,HDP2,11,c_uci,-13.44129244224812
20250921-205356,min_words,HDP2,12,c_uci,-12.638529277844704
20250921-205356,min_words,HDP2,13,c_uci,-13.230741656224726
20250921-205356,min_words,HDP2,14,c_uci,-13.247684013096082
20250921-205356,min_words,HDP2,15,c_uci,-13.142647807764435
20250921-205356,min_words,HDP2,16,c_uci,-13.139607417321526
20250921-205356,min_words,HDP2,17,c_uci,-12.694362386661066
20250921-205356,min_words,HDP2,18,c_uci,-13.512127408410356
20250921-205356,min_words,HDP2,19,c_uci,-13.020288066203447
20250921-205356,min_words,HDP2,20,c_uci,-13.579110433774826
20250921-205356,min_words,HDP2,21,c_uci,-13.654329498496603
20250921-205356,min_words,HDP2,22,c_uci,-13.389459343404399
20250921-205356,min_words,HDP2,23,c_uci,-11.842093945910314
20250921-205356,min_words,HDP2,24,c_uci,-13.181833419259455
20250921-205356,min_words,HDP2,25,c_uci,-12.799391120956262
20250921-205356,min_words,HDP2,26,c_uci,-13.340708348624943
20250921-205356,min_words,HDP2,27,c_uci,-13.06421147631275
20250921-205356,min_words,HDP2,28,c_uci,-12.892119099707724
20250921-205356,min_words,HDP2,29,c_uci,-12.046792190049734
20250921-205356,min_words,HDP2,30,c_uci,-12.539941715500536
20250921-205356,min_words,HDP2,31,c_uci,-12.803335878651978
20250921-205356,min_words,HDP2,32,c_uci,-13.048208918993403
20250921-205356,min_words,HDP2,33,c_uci,-13.697476381125341
20250921-205356,min_words,HDP2,34,c_uci,-13.026875639891912
20250921-205356,min_words,HDP2,35,c_uci,-12.08835303739327
20250921-205356,min_words,HDP2,36,c_uci,-12.678469985851127
20250921-205356,min_words,HDP2,37,c_uci,-13.000967226155023
20250921-205356,min_words,HDP2,38,c_uci,-13.227355339809296
20250921-205356,min_words,HDP2,39,c_uci,-13.401785820704168
20250921-205356,min_words,HDP2,40,c_uci,-12.985507026065052
20250921-205356,min_words,HDP2,41,c_uci,-12.829998305160993
20250921-205356,min_words,HDP2,42,c_uci,-12.588071317350702
20250921-205356,min_words,HDP2,43,c_uci,-13.136871950535419
20250921-205356,min_words,HDP2,44,c_uci,-13.766010643521849
20250921-205356,min_words,HDP2,45,c_uci,-12.553962794285752
20250921-205356,min_words,HDP2,46,c_uci,-12.394403500546284
20250921-205356,min_words,HDP2,47,c_uci,-12.896914646321521
20250921-205356,min_words,HDP2,48,c_uci,-12.911620831579004
20250921-205356,min_words,HDP2,49,c_uci,-13.015997712281418
20250921-205356,min_words,HDP2,50,c_uci,-12.993907559603608
20250921-205356,min_words,HDP2,51,c_uci,-13.002454461180253
20250921-205356,min_words,HDP2,52,c_uci,-13.174976207610776
20250921-205356,min_words,HDP2,53,c_uci,-12.67406676922821
20250921-205356,min_words,HDP2,54,c_uci,-12.862843020868015
20250921-205356,min_words,HDP2,55,c_uci,-13.003140647899986
20250921-205356,min_words,HDP2,56,c_uci,-13.040639870441908
20250921-205356,min_words,HDP2,57,c_uci,-12.770420643992788
20250921-205356,min_words,HDP2,58,c_uci,-13.779130083167054
20250921-205356,min_words,HDP2,59,c_uci,-12.953667517808979
20250921-205356,min_words,HDP2,60,c_uci,-12.18210637822249
20250921-205356,min_words,HDP2,61,c_uci,-13.246869311290014
20250921-205356,min_words,HDP2,62,c_uci,-13.462522110283865
20250921-205356,min_words,HDP2,63,c_uci,-13.391767376523493
20250921-205356,min_words,HDP2,64,c_uci,-13.312130358859461
20250921-205356,min_words,HDP2,65,c_uci,-13.102028878211753
20250921-205356,min_words,HDP2,66,c_uci,-13.432427558452023
20250921-205356,min_words,HDP2,67,c_uci,-13.20948820061409
20250921-205356,min_words,HDP2,68,c_uci,-13.134592041926211
20250921-205356,min_words,HDP2,69,c_uci,-13.008751340383428
20250921-205356,min_words,HDP2,70,c_uci,-13.768297220785659
20250921-205356,min_words,HDP2,71,c_uci,-13.444987183595224
20250921-205356,min_words,HDP2,72,c_uci,-13.445762149611422
20250921-205356,min_words,HDP2,73,c_uci,-13.411907688984169
20250921-205356,min_words,HDP2,74,c_uci,-13.340244125919297
20250921-205356,min_words,HDP2,75,c_uci,-13.405293949475151
20250921-205356,min_words,HDP2,76,c_uci,-13.051754712430148
20250921-205356,min_words,HDP2,77,c_uci,-12.338239207229506
20250921-205356,min_words,HDP2,78,c_uci,-13.095778149567641
20250921-205356,min_words,HDP2,79,c_uci,-13.386816123264113
20250921-205356,min_words,HDP2,80,c_uci,-13.26880677105186
20250921-205356,min_words,HDP2,81,c_uci,-13.554421758861853
20250921-205356,min_words,HDP2,82,c_uci,-13.34306532315409
20250921-205356,min_words,HDP2,83,c_uci,-12.507789712448451
20250921-205356,min_words,HDP2,84,c_uci,-13.290840683895471
20250921-205356,min_words,HDP2,85,c_uci,-12.801851516921865
20250921-205356,min_words,HDP2,86,c_uci,-12.994707802418263
20250921-205356,min_words,HDP2,87,c_uci,-12.561129874915652
20250921-205356,min_words,HDP2,88,c_uci,-12.711019978633274
20250921-205356,min_words,HDP2,89,c_uci,-13.427188714450063
20250921-205356,min_words,HDP2,90,c_uci,-13.216205426811978
20250921-205356,min_words,HDP2,91,c_uci,-13.084875069725177
20250921-205356,min_words,HDP2,92,c_uci,-13.425481519343974
20250921-205356,min_words,HDP2,93,c_uci,-13.326128063928474
20250921-205356,min_words,HDP2,94,c_uci,-13.168423652187276
20250921-205356,min_words,HDP2,95,c_uci,-12.747914425423685
20250921-205356,min_words,HDP2,96,c_uci,-12.798085784236573
20250921-205356,min_words,HDP2,97,c_uci,-13.234357445378148
20250921-205356,min_words,HDP2,98,c_uci,-12.79959675697706
20250921-205356,min_words,HDP2,99,c_uci,-12.484303850097767
